path,predicted_class,predicted_char,answer,confidence,model_pred,model_conf,top_3,agree
/Users/thiya/Documents/GitHub/Project-1-Thai-Character-Number-Recognition/test_dataset/ts_img_00001.jpg,161,ก,101,0.931,161,0.931,161(ก):0.931 | 212(ิ):0.002 | 205(อ):0.001,1
/Users/thiya/Documents/GitHub/Project-1-Thai-Character-Number-Recognition/test_dataset/ts_img_00002.jpg,162,ข,102,0.8829,162,0.8829,162(ข):0.883 | 205(อ):0.004 | 214(ึ):0.003,1
/Users/thiya/Documents/GitHub/Project-1-Thai-Character-Number-Recognition/test_dataset/ts_img_00003.jpg,163,ฃ,103,0.8117,163,0.8117,163(ฃ):0.812 | 230(ๆ):0.012 | 194(ย):0.010,1
/Users/thiya/Documents/GitHub/Project-1-Thai-Character-Number-Recognition/test_dataset/ts_img_00004.jpg,164,ค,104,0.9169,164,0.9169,164(ค):0.917 | 180(ด):0.002 | 161(ก):0.002,1
/Users/thiya/Documents/GitHub/Project-1-Thai-Character-Number-Recognition/test_dataset/ts_img_00005.jpg,167,ง,105,0.91,167,0.91,167(ง):0.910 | 197(ล):0.002 | 246(๖):0.002,1
/Users/thiya/Documents/GitHub/Project-1-Thai-Character-Number-Recognition/test_dataset/ts_img_00006.jpg,168,จ,106,0.8752,168,0.8752,168(จ):0.875 | 187(ป):0.004 | 167(ง):0.003,1
/Users/thiya/Documents/GitHub/Project-1-Thai-Character-Number-Recognition/test_dataset/ts_img_00007.jpg,169,ฉ,107,0.8632,169,0.8632,169(ฉ):0.863 | 172(ฌ):0.004 | 205(อ):0.003,1
/Users/thiya/Documents/GitHub/Project-1-Thai-Character-Number-Recognition/test_dataset/ts_img_00008.jpg,170,ช,108,0.7652,170,0.7652,170(ช):0.765 | 162(ข):0.038 | 171(ซ):0.007,1
/Users/thiya/Documents/GitHub/Project-1-Thai-Character-Number-Recognition/test_dataset/ts_img_00009.jpg,171,ซ,109,0.7395,171,0.7395,171(ซ):0.739 | 163(ฃ):0.047 | 230(ๆ):0.007,1
/Users/thiya/Documents/GitHub/Project-1-Thai-Character-Number-Recognition/test_dataset/ts_img_00010.jpg,173,ญ,110,0.8543,173,0.8543,173(ญ):0.854 | 179(ณ):0.009 | 182(ถ):0.006,1
/Users/thiya/Documents/GitHub/Project-1-Thai-Character-Number-Recognition/test_dataset/ts_img_00011.jpg,175,ฏ,111,0.893,175,0.893,175(ฏ):0.893 | 174(ฎ):0.004 | 211(ำ):0.002,1
/Users/thiya/Documents/GitHub/Project-1-Thai-Character-Number-Recognition/test_dataset/ts_img_00012.jpg,176,ฐ,112,0.8713,176,0.8713,176(ฐ):0.871 | 184(ธ):0.010 | 168(จ):0.006,1
/Users/thiya/Documents/GitHub/Project-1-Thai-Character-Number-Recognition/test_dataset/ts_img_00013.jpg,177,ฑ,113,0.9096,177,0.9096,177(ฑ):0.910 | 163(ฃ):0.003 | 166(ฆ):0.003,1
/Users/thiya/Documents/GitHub/Project-1-Thai-Character-Number-Recognition/test_dataset/ts_img_00014.jpg,178,ฒ,114,0.8614,178,0.8614,178(ฒ):0.861 | 181(ต):0.004 | 200(ศ):0.003,1
/Users/thiya/Documents/GitHub/Project-1-Thai-Character-Number-Recognition/test_dataset/ts_img_00015.jpg,179,ณ,115,0.9168,179,0.9168,179(ณ):0.917 | 190(พ):0.002 | 183(ท):0.002,1
/Users/thiya/Documents/GitHub/Project-1-Thai-Character-Number-Recognition/test_dataset/ts_img_00016.jpg,180,ด,116,0.8507,180,0.8507,180(ด):0.851 | 161(ก):0.004 | 162(ข):0.003,1
/Users/thiya/Documents/GitHub/Project-1-Thai-Character-Number-Recognition/test_dataset/ts_img_00017.jpg,181,ต,117,0.9173,181,0.9173,181(ต):0.917 | 165(ฅ):0.002 | 210(า):0.001,1
/Users/thiya/Documents/GitHub/Project-1-Thai-Character-Number-Recognition/test_dataset/ts_img_00018.jpg,182,ถ,118,0.9037,182,0.9037,182(ถ):0.904 | 196(ฤ):0.006 | 197(ล):0.003,1
/Users/thiya/Documents/GitHub/Project-1-Thai-Character-Number-Recognition/test_dataset/ts_img_00019.jpg,183,ท,119,0.8595,183,0.8595,183(ท):0.860 | 162(ข):0.004 | 203(ห):0.003,1
/Users/thiya/Documents/GitHub/Project-1-Thai-Character-Number-Recognition/test_dataset/ts_img_00020.jpg,184,ธ,120,0.8672,184,0.8672,184(ธ):0.867 | 195(ร):0.004 | 206(ฮ):0.004,1
/Users/thiya/Documents/GitHub/Project-1-Thai-Character-Number-Recognition/test_dataset/ts_img_00021.jpg,185,น,121,0.8532,185,0.8532,185(น):0.853 | 186(บ):0.006 | 227(ใ):0.003,1
/Users/thiya/Documents/GitHub/Project-1-Thai-Character-Number-Recognition/test_dataset/ts_img_00022.jpg,186,บ,122,0.8595,186,0.8595,186(บ):0.859 | 217(ู):0.006 | 227(ใ):0.005,1
/Users/thiya/Documents/GitHub/Project-1-Thai-Character-Number-Recognition/test_dataset/ts_img_00023.jpg,187,ป,123,0.9241,187,0.9241,187(ป):0.924 | 227(ใ):0.002 | 230(ๆ):0.001,1
/Users/thiya/Documents/GitHub/Project-1-Thai-Character-Number-Recognition/test_dataset/ts_img_00024.jpg,188,ผ,124,0.8415,188,0.8415,188(ผ):0.842 | 189(ฝ):0.030 | 210(า):0.003,1
/Users/thiya/Documents/GitHub/Project-1-Thai-Character-Number-Recognition/test_dataset/ts_img_00025.jpg,189,ฝ,125,0.8748,189,0.8748,189(ฝ):0.875 | 179(ณ):0.003 | 198(ฦ):0.003,1
/Users/thiya/Documents/GitHub/Project-1-Thai-Character-Number-Recognition/test_dataset/ts_img_00026.jpg,190,พ,126,0.8988,190,0.8988,190(พ):0.899 | 183(ท):0.005 | 191(ฟ):0.005,1
/Users/thiya/Documents/GitHub/Project-1-Thai-Character-Number-Recognition/test_dataset/ts_img_00027.jpg,191,ฟ,127,0.9094,191,0.9094,191(ฟ):0.909 | 189(ฝ):0.005 | 187(ป):0.003,1
/Users/thiya/Documents/GitHub/Project-1-Thai-Character-Number-Recognition/test_dataset/ts_img_00028.jpg,192,ภ,128,0.9163,192,0.9163,192(ภ):0.916 | 198(ฦ):0.007 | 195(ร):0.003,1
/Users/thiya/Documents/GitHub/Project-1-Thai-Character-Number-Recognition/test_dataset/ts_img_00029.jpg,193,ม,129,0.901,193,0.901,193(ม):0.901 | 187(ป):0.002 | 186(บ):0.002,1
/Users/thiya/Documents/GitHub/Project-1-Thai-Character-Number-Recognition/test_dataset/ts_img_00030.jpg,194,ย,130,0.9249,194,0.9249,194(ย):0.925 | 162(ข):0.001 | 207(ฯ):0.001,1
/Users/thiya/Documents/GitHub/Project-1-Thai-Character-Number-Recognition/test_dataset/ts_img_00031.jpg,195,ร,131,0.8969,195,0.8969,195(ร):0.897 | 199(ว):0.002 | 246(๖):0.002,1
/Users/thiya/Documents/GitHub/Project-1-Thai-Character-Number-Recognition/test_dataset/ts_img_00032.jpg,196,ฤ,132,0.8803,196,0.8803,196(ฤ):0.880 | 182(ถ):0.032 | 227(ใ):0.003,1
/Users/thiya/Documents/GitHub/Project-1-Thai-Character-Number-Recognition/test_dataset/ts_img_00033.jpg,197,ล,133,0.9119,197,0.9119,197(ล):0.912 | 229(ๅ):0.002 | 227(ใ):0.002,1
/Users/thiya/Documents/GitHub/Project-1-Thai-Character-Number-Recognition/test_dataset/ts_img_00034.jpg,199,ว,134,0.9178,199,0.9178,199(ว):0.918 | 162(ข):0.002 | 240(๐):0.002,1
/Users/thiya/Documents/GitHub/Project-1-Thai-Character-Number-Recognition/test_dataset/ts_img_00035.jpg,200,ศ,135,0.9166,200,0.9166,200(ศ):0.917 | 189(ฝ):0.002 | 196(ฤ):0.002,1
/Users/thiya/Documents/GitHub/Project-1-Thai-Character-Number-Recognition/test_dataset/ts_img_00036.jpg,201,ษ,136,0.9159,201,0.9159,201(ษ):0.916 | 207(ฯ):0.002 | 170(ช):0.002,1
/Users/thiya/Documents/GitHub/Project-1-Thai-Character-Number-Recognition/test_dataset/ts_img_00037.jpg,202,ส,137,0.9181,202,0.9181,202(ส):0.918 | 195(ร):0.001 | 226(โ):0.001,1
/Users/thiya/Documents/GitHub/Project-1-Thai-Character-Number-Recognition/test_dataset/ts_img_00038.jpg,203,ห,138,0.9073,203,0.9073,203(ห):0.907 | 163(ฃ):0.002 | 201(ษ):0.002,1
/Users/thiya/Documents/GitHub/Project-1-Thai-Character-Number-Recognition/test_dataset/ts_img_00039.jpg,204,ฬ,139,0.4642,204,0.4642,204(ฬ):0.464 | 203(ห):0.093 | 201(ษ):0.072,1
/Users/thiya/Documents/GitHub/Project-1-Thai-Character-Number-Recognition/test_dataset/ts_img_00040.jpg,205,อ,140,0.912,205,0.912,205(อ):0.912 | 209(ั):0.002 | 241(๑):0.002,1
/Users/thiya/Documents/GitHub/Project-1-Thai-Character-Number-Recognition/test_dataset/ts_img_00041.jpg,206,ฮ,141,0.8982,206,0.8982,206(ฮ):0.898 | 194(ย):0.003 | 176(ฐ):0.003,1
/Users/thiya/Documents/GitHub/Project-1-Thai-Character-Number-Recognition/test_dataset/ts_img_00042.jpg,207,ฯ,201,0.8322,207,0.8322,207(ฯ):0.832 | 211(ำ):0.019 | 230(ๆ):0.016,1
/Users/thiya/Documents/GitHub/Project-1-Thai-Character-Number-Recognition/test_dataset/ts_img_00043.jpg,209,ั,202,0.8983,209,0.8983,209(ั):0.898 | 208(ะ):0.003 | 240(๐):0.002,1
/Users/thiya/Documents/GitHub/Project-1-Thai-Character-Number-Recognition/test_dataset/ts_img_00044.jpg,210,า,203,0.9075,210,0.9075,210(า):0.907 | 229(ๅ):0.003 | 216(ุ):0.002,1
/Users/thiya/Documents/GitHub/Project-1-Thai-Character-Number-Recognition/test_dataset/ts_img_00045.jpg,212,ิ,204,0.8881,212,0.8881,212(ิ):0.888 | 213(ี):0.004 | 161(ก):0.003,1
/Users/thiya/Documents/GitHub/Project-1-Thai-Character-Number-Recognition/test_dataset/ts_img_00046.jpg,213,ี,205,0.8919,213,0.8919,213(ี):0.892 | 215(ื):0.005 | 212(ิ):0.003,1
/Users/thiya/Documents/GitHub/Project-1-Thai-Character-Number-Recognition/test_dataset/ts_img_00047.jpg,214,ึ,206,0.8629,214,0.8629,214(ึ):0.863 | 215(ื):0.011 | 167(ง):0.005,1
/Users/thiya/Documents/GitHub/Project-1-Thai-Character-Number-Recognition/test_dataset/ts_img_00048.jpg,215,ื,207,0.8863,215,0.8863,215(ื):0.886 | 205(อ):0.003 | 246(๖):0.002,1
/Users/thiya/Documents/GitHub/Project-1-Thai-Character-Number-Recognition/test_dataset/ts_img_00049.jpg,216,ุ,208,0.8836,216,0.8836,216(ุ):0.884 | 167(ง):0.006 | 207(ฯ):0.005,1
/Users/thiya/Documents/GitHub/Project-1-Thai-Character-Number-Recognition/test_dataset/ts_img_00050.jpg,217,ู,209,0.7728,217,0.7728,217(ู):0.773 | 186(บ):0.069 | 162(ข):0.039,1
/Users/thiya/Documents/GitHub/Project-1-Thai-Character-Number-Recognition/test_dataset/ts_img_00051.jpg,224,เ,210,0.9087,224,0.9087,224(เ):0.909 | 227(ใ):0.003 | 236(์):0.003,1
/Users/thiya/Documents/GitHub/Project-1-Thai-Character-Number-Recognition/test_dataset/ts_img_00052.jpg,225,แ,211,0.8726,225,0.8726,225(แ):0.873 | 224(เ):0.003 | 208(ะ):0.003,1
/Users/thiya/Documents/GitHub/Project-1-Thai-Character-Number-Recognition/test_dataset/ts_img_00053.jpg,226,โ,212,0.9075,226,0.9075,226(โ):0.907 | 249(๙):0.002 | 177(ฑ):0.002,1
/Users/thiya/Documents/GitHub/Project-1-Thai-Character-Number-Recognition/test_dataset/ts_img_00054.jpg,227,ใ,213,0.9216,227,0.9216,227(ใ):0.922 | 226(โ):0.002 | 245(๕):0.002,1
/Users/thiya/Documents/GitHub/Project-1-Thai-Character-Number-Recognition/test_dataset/ts_img_00055.jpg,228,ไ,214,0.8804,228,0.8804,228(ไ):0.880 | 227(ใ):0.003 | 164(ค):0.002,1
/Users/thiya/Documents/GitHub/Project-1-Thai-Character-Number-Recognition/test_dataset/ts_img_00056.jpg,229,ๅ,215,0.5552,229,0.5552,229(ๅ):0.555 | 210(า):0.233 | 227(ใ):0.007,1
/Users/thiya/Documents/GitHub/Project-1-Thai-Character-Number-Recognition/test_dataset/ts_img_00057.jpg,230,ๆ,216,0.9391,230,0.9391,230(ๆ):0.939 | 196(ฤ):0.003 | 211(ำ):0.002,1
/Users/thiya/Documents/GitHub/Project-1-Thai-Character-Number-Recognition/test_dataset/ts_img_00058.jpg,231,็,217,0.6356,231,0.6356,231(็):0.636 | 248(๘):0.246 | 217(ู):0.003,1
/Users/thiya/Documents/GitHub/Project-1-Thai-Character-Number-Recognition/test_dataset/ts_img_00059.jpg,232,่,218,0.8931,232,0.8931,232(่):0.893 | 229(ๅ):0.007 | 210(า):0.005,1
/Users/thiya/Documents/GitHub/Project-1-Thai-Character-Number-Recognition/test_dataset/ts_img_00060.jpg,233,้,219,0.8925,233,0.8925,233(้):0.893 | 195(ร):0.002 | 190(พ):0.002,1
/Users/thiya/Documents/GitHub/Project-1-Thai-Character-Number-Recognition/test_dataset/ts_img_00061.jpg,234,๊,220,0.724,234,0.724,234(๊):0.724 | 247(๗):0.086 | 178(ฒ):0.012,1
/Users/thiya/Documents/GitHub/Project-1-Thai-Character-Number-Recognition/test_dataset/ts_img_00062.jpg,236,์,221,0.9044,236,0.9044,236(์):0.904 | 203(ห):0.002 | 194(ย):0.002,1
/Users/thiya/Documents/GitHub/Project-1-Thai-Character-Number-Recognition/test_dataset/ts_img_00063.jpg,240,๐,301,0.8921,240,0.8921,240(๐):0.892 | 212(ิ):0.004 | 227(ใ):0.003,1
/Users/thiya/Documents/GitHub/Project-1-Thai-Character-Number-Recognition/test_dataset/ts_img_00064.jpg,241,๑,302,0.9082,241,0.9082,241(๑):0.908 | 180(ด):0.014 | 240(๐):0.003,1
/Users/thiya/Documents/GitHub/Project-1-Thai-Character-Number-Recognition/test_dataset/ts_img_00065.jpg,242,๒,303,0.9363,242,0.9363,242(๒):0.936 | 246(๖):0.002 | 247(๗):0.002,1
/Users/thiya/Documents/GitHub/Project-1-Thai-Character-Number-Recognition/test_dataset/ts_img_00066.jpg,243,๓,304,0.7996,243,0.7996,243(๓):0.800 | 181(ต):0.053 | 183(ท):0.014,1
/Users/thiya/Documents/GitHub/Project-1-Thai-Character-Number-Recognition/test_dataset/ts_img_00067.jpg,244,๔,305,0.9385,244,0.9385,244(๔):0.939 | 231(็):0.001 | 180(ด):0.001,1
/Users/thiya/Documents/GitHub/Project-1-Thai-Character-Number-Recognition/test_dataset/ts_img_00068.jpg,245,๕,306,0.917,245,0.917,245(๕):0.917 | 174(ฎ):0.002 | 196(ฤ):0.002,1
/Users/thiya/Documents/GitHub/Project-1-Thai-Character-Number-Recognition/test_dataset/ts_img_00069.jpg,246,๖,307,0.9238,246,0.9238,246(๖):0.924 | 240(๐):0.002 | 183(ท):0.002,1
/Users/thiya/Documents/GitHub/Project-1-Thai-Character-Number-Recognition/test_dataset/ts_img_00070.jpg,247,๗,308,0.9091,247,0.9091,247(๗):0.909 | 242(๒):0.004 | 243(๓):0.002,1
/Users/thiya/Documents/GitHub/Project-1-Thai-Character-Number-Recognition/test_dataset/ts_img_00071.jpg,248,๘,309,0.9327,248,0.9327,248(๘):0.933 | 231(็):0.007 | 246(๖):0.002,1
/Users/thiya/Documents/GitHub/Project-1-Thai-Character-Number-Recognition/test_dataset/ts_img_00072.jpg,249,๙,310,0.8881,249,0.8881,249(๙):0.888 | 192(ภ):0.003 | 209(ั):0.003,1
/Users/thiya/Documents/GitHub/Project-1-Thai-Character-Number-Recognition/test_dataset/ts_img_00073.jpg,162,ข,102,0.2191,162,0.2191,162(ข):0.219 | 186(บ):0.076 | 205(อ):0.068,1
/Users/thiya/Documents/GitHub/Project-1-Thai-Character-Number-Recognition/test_dataset/ts_img_00074.jpg,167,ง,105,0.124,167,0.124,167(ง):0.124 | 233(้):0.119 | 162(ข):0.079,1
/Users/thiya/Documents/GitHub/Project-1-Thai-Character-Number-Recognition/test_dataset/ts_img_00075.jpg,162,ข,102,0.2828,162,0.2828,162(ข):0.283 | 163(ฃ):0.271 | 194(ย):0.119,1
/Users/thiya/Documents/GitHub/Project-1-Thai-Character-Number-Recognition/test_dataset/ts_img_00076.jpg,171,ซ,109,0.4257,171,0.4257,171(ซ):0.426 | 246(๖):0.081 | 249(๙):0.038,1
/Users/thiya/Documents/GitHub/Project-1-Thai-Character-Number-Recognition/test_dataset/ts_img_00077.jpg,246,๖,307,0.1689,246,0.1689,246(๖):0.169 | 171(ซ):0.084 | 170(ช):0.060,1
/Users/thiya/Documents/GitHub/Project-1-Thai-Character-Number-Recognition/test_dataset/ts_img_00078.jpg,248,๘,309,0.1997,248,0.1997,248(๘):0.200 | 167(ง):0.071 | 168(จ):0.071,1
/Users/thiya/Documents/GitHub/Project-1-Thai-Character-Number-Recognition/test_dataset/ts_img_00079.jpg,240,๐,301,0.6909,240,0.6909,240(๐):0.691 | 205(อ):0.033 | 199(ว):0.022,1
/Users/thiya/Documents/GitHub/Project-1-Thai-Character-Number-Recognition/test_dataset/ts_img_00080.jpg,240,๐,301,0.2767,240,0.2767,240(๐):0.277 | 168(จ):0.080 | 167(ง):0.056,1
/Users/thiya/Documents/GitHub/Project-1-Thai-Character-Number-Recognition/test_dataset/ts_img_00081.jpg,179,ณ,115,0.466,179,0.466,179(ณ):0.466 | 173(ญ):0.452 | 172(ฌ):0.006,1
/Users/thiya/Documents/GitHub/Project-1-Thai-Character-Number-Recognition/test_dataset/ts_img_00082.jpg,164,ค,104,0.5943,164,0.5943,164(ค):0.594 | 161(ก):0.190 | 212(ิ):0.015,1
/Users/thiya/Documents/GitHub/Project-1-Thai-Character-Number-Recognition/test_dataset/ts_img_00083.jpg,175,ฏ,111,0.8335,175,0.8335,175(ฏ):0.833 | 174(ฎ):0.049 | 205(อ):0.009,1
/Users/thiya/Documents/GitHub/Project-1-Thai-Character-Number-Recognition/test_dataset/ts_img_00084.jpg,194,ย,130,0.8721,194,0.8721,194(ย):0.872 | 246(๖):0.004 | 182(ถ):0.004,1
/Users/thiya/Documents/GitHub/Project-1-Thai-Character-Number-Recognition/test_dataset/ts_img_00085.jpg,240,๐,301,0.1763,240,0.1763,240(๐):0.176 | 241(๑):0.166 | 167(ง):0.085,1
/Users/thiya/Documents/GitHub/Project-1-Thai-Character-Number-Recognition/test_dataset/ts_img_00086.jpg,196,ฤ,132,0.6855,196,0.6855,196(ฤ):0.686 | 182(ถ):0.039 | 161(ก):0.019,1
/Users/thiya/Documents/GitHub/Project-1-Thai-Character-Number-Recognition/test_dataset/ts_img_00087.jpg,197,ล,133,0.5151,197,0.5151,197(ล):0.515 | 240(๐):0.058 | 241(๑):0.045,1
/Users/thiya/Documents/GitHub/Project-1-Thai-Character-Number-Recognition/test_dataset/ts_img_00088.jpg,240,๐,301,0.4278,240,0.4278,240(๐):0.428 | 199(ว):0.111 | 241(๑):0.043,1
/Users/thiya/Documents/GitHub/Project-1-Thai-Character-Number-Recognition/test_dataset/ts_img_00089.jpg,187,ป,123,0.2817,187,0.2817,187(ป):0.282 | 189(ฝ):0.273 | 191(ฟ):0.023,1
/Users/thiya/Documents/GitHub/Project-1-Thai-Character-Number-Recognition/test_dataset/ts_img_00090.jpg,190,พ,126,0.6946,190,0.6946,190(พ):0.695 | 188(ผ):0.049 | 225(แ):0.031,1
/Users/thiya/Documents/GitHub/Project-1-Thai-Character-Number-Recognition/test_dataset/ts_img_00091.jpg,191,ฟ,127,0.7358,191,0.7358,191(ฟ):0.736 | 189(ฝ):0.093 | 190(พ):0.030,1
/Users/thiya/Documents/GitHub/Project-1-Thai-Character-Number-Recognition/test_dataset/ts_img_00092.jpg,161,ก,101,0.8232,161,0.8232,161(ก):0.823 | 192(ภ):0.035 | 182(ถ):0.004,1
/Users/thiya/Documents/GitHub/Project-1-Thai-Character-Number-Recognition/test_dataset/ts_img_00093.jpg,186,บ,122,0.5463,186,0.5463,186(บ):0.546 | 187(ป):0.047 | 193(ม):0.021,1
/Users/thiya/Documents/GitHub/Project-1-Thai-Character-Number-Recognition/test_dataset/ts_img_00094.jpg,213,ี,205,0.7441,213,0.7441,213(ี):0.744 | 186(บ):0.050 | 235(๋):0.035,1
/Users/thiya/Documents/GitHub/Project-1-Thai-Character-Number-Recognition/test_dataset/ts_img_00095.jpg,232,่,218,0.6858,232,0.6858,232(่):0.686 | 210(า):0.081 | 216(ุ):0.063,1
/Users/thiya/Documents/GitHub/Project-1-Thai-Character-Number-Recognition/test_dataset/ts_img_00096.jpg,215,ื,207,0.5722,215,0.5722,215(ื):0.572 | 235(๋):0.084 | 209(ั):0.018,1
/Users/thiya/Documents/GitHub/Project-1-Thai-Character-Number-Recognition/test_dataset/ts_img_00097.jpg,214,ึ,206,0.4793,214,0.4793,214(ึ):0.479 | 224(เ):0.022 | 186(บ):0.020,1
/Users/thiya/Documents/GitHub/Project-1-Thai-Character-Number-Recognition/test_dataset/ts_img_00098.jpg,217,ู,209,0.7288,217,0.7288,217(ู):0.729 | 186(บ):0.129 | 194(ย):0.026,1
/Users/thiya/Documents/GitHub/Project-1-Thai-Character-Number-Recognition/test_dataset/ts_img_00099.jpg,202,ส,137,0.7956,202,0.7956,202(ส):0.796 | 249(๙):0.038 | 248(๘):0.013,1
/Users/thiya/Documents/GitHub/Project-1-Thai-Character-Number-Recognition/test_dataset/ts_img_00100.jpg,226,โ,212,0.2557,226,0.2557,226(โ):0.256 | 248(๘):0.088 | 244(๔):0.075,1
/Users/thiya/Documents/GitHub/Project-1-Thai-Character-Number-Recognition/test_dataset/ts_img_00101.jpg,225,แ,211,0.0985,225,0.0985,225(แ):0.099 | 201(ษ):0.089 | 203(ห):0.080,1
/Users/thiya/Documents/GitHub/Project-1-Thai-Character-Number-Recognition/test_dataset/ts_img_00102.jpg,240,๐,301,0.734,240,0.734,240(๐):0.734 | 205(อ):0.043 | 241(๑):0.018,1
/Users/thiya/Documents/GitHub/Project-1-Thai-Character-Number-Recognition/test_dataset/ts_img_00103.jpg,246,๖,307,0.3795,246,0.3795,246(๖):0.380 | 206(ฮ):0.177 | 240(๐):0.084,1
/Users/thiya/Documents/GitHub/Project-1-Thai-Character-Number-Recognition/test_dataset/ts_img_00104.jpg,207,ฯ,201,0.5116,207,0.5116,207(ฯ):0.512 | 228(ไ):0.197 | 227(ใ):0.044,1
/Users/thiya/Documents/GitHub/Project-1-Thai-Character-Number-Recognition/test_dataset/ts_img_00105.jpg,209,ั,202,0.8412,209,0.8412,209(ั):0.841 | 213(ี):0.015 | 227(ใ):0.008,1
/Users/thiya/Documents/GitHub/Project-1-Thai-Character-Number-Recognition/test_dataset/ts_img_00106.jpg,231,็,217,0.7766,231,0.7766,231(็):0.777 | 248(๘):0.149 | 212(ิ):0.005,1
/Users/thiya/Documents/GitHub/Project-1-Thai-Character-Number-Recognition/test_dataset/ts_img_00107.jpg,232,่,218,0.8868,232,0.8868,232(่):0.887 | 242(๒):0.003 | 194(ย):0.003,1
/Users/thiya/Documents/GitHub/Project-1-Thai-Character-Number-Recognition/test_dataset/ts_img_00108.jpg,232,่,218,0.4447,232,0.4447,232(่):0.445 | 224(เ):0.102 | 227(ใ):0.043,1
/Users/thiya/Documents/GitHub/Project-1-Thai-Character-Number-Recognition/test_dataset/ts_img_00109.jpg,226,โ,212,0.8829,226,0.8829,226(โ):0.883 | 161(ก):0.005 | 184(ธ):0.004,1
/Users/thiya/Documents/GitHub/Project-1-Thai-Character-Number-Recognition/test_dataset/ts_img_00110.jpg,230,ๆ,216,0.8513,230,0.8513,230(ๆ):0.851 | 163(ฃ):0.006 | 210(า):0.006,1
/Users/thiya/Documents/GitHub/Project-1-Thai-Character-Number-Recognition/test_dataset/ts_img_00111.jpg,235,๋,,0.247,235,0.247,235(๋):0.247 | 233(้):0.180 | 209(ั):0.104,1
/Users/thiya/Documents/GitHub/Project-1-Thai-Character-Number-Recognition/test_dataset/ts_img_00112.jpg,247,๗,308,0.1667,247,0.1667,247(๗):0.167 | 249(๙):0.119 | 234(๊):0.060,1
/Users/thiya/Documents/GitHub/Project-1-Thai-Character-Number-Recognition/test_dataset/ts_img_00113.jpg,212,ิ,204,0.72,212,0.72,212(ิ):0.720 | 164(ค):0.040 | 236(์):0.028,1
/Users/thiya/Documents/GitHub/Project-1-Thai-Character-Number-Recognition/test_dataset/ts_img_00114.jpg,226,โ,212,0.7815,226,0.7815,226(โ):0.782 | 228(ไ):0.016 | 227(ใ):0.007,1
/Users/thiya/Documents/GitHub/Project-1-Thai-Character-Number-Recognition/test_dataset/ts_img_00115.jpg,229,ๅ,215,0.6659,229,0.6659,229(ๅ):0.666 | 210(า):0.107 | 215(ื):0.006,1
/Users/thiya/Documents/GitHub/Project-1-Thai-Character-Number-Recognition/test_dataset/ts_img_00116.jpg,240,๐,301,0.9169,240,0.9169,240(๐):0.917 | 212(ิ):0.003 | 227(ใ):0.002,1
/Users/thiya/Documents/GitHub/Project-1-Thai-Character-Number-Recognition/test_dataset/ts_img_00117.jpg,241,๑,302,0.7476,241,0.7476,241(๑):0.748 | 240(๐):0.062 | 244(๔):0.005,1
/Users/thiya/Documents/GitHub/Project-1-Thai-Character-Number-Recognition/test_dataset/ts_img_00118.jpg,246,๖,307,0.8495,246,0.8495,246(๖):0.850 | 240(๐):0.007 | 242(๒):0.005,1
/Users/thiya/Documents/GitHub/Project-1-Thai-Character-Number-Recognition/test_dataset/ts_img_00119.jpg,247,๗,308,0.9075,247,0.9075,247(๗):0.907 | 173(ญ):0.008 | 242(๒):0.007,1
/Users/thiya/Documents/GitHub/Project-1-Thai-Character-Number-Recognition/test_dataset/ts_img_00120.jpg,245,๕,306,0.8953,245,0.8953,245(๕):0.895 | 244(๔):0.011 | 249(๙):0.003,1
/Users/thiya/Documents/GitHub/Project-1-Thai-Character-Number-Recognition/test_dataset/ts_img_00121.jpg,242,๒,303,0.8505,242,0.8505,242(๒):0.851 | 163(ฃ):0.004 | 240(๐):0.004,1
/Users/thiya/Documents/GitHub/Project-1-Thai-Character-Number-Recognition/test_dataset/ts_img_00122.jpg,248,๘,309,0.9205,248,0.9205,248(๘):0.920 | 231(็):0.006 | 242(๒):0.002,1
/Users/thiya/Documents/GitHub/Project-1-Thai-Character-Number-Recognition/test_dataset/ts_img_00123.jpg,243,๓,304,0.8684,243,0.8684,243(๓):0.868 | 181(ต):0.007 | 165(ฅ):0.006,1
/Users/thiya/Documents/GitHub/Project-1-Thai-Character-Number-Recognition/test_dataset/ts_img_00124.jpg,177,ฑ,113,0.677,177,0.677,177(ฑ):0.677 | 183(ท):0.063 | 210(า):0.012,1
/Users/thiya/Documents/GitHub/Project-1-Thai-Character-Number-Recognition/test_dataset/ts_img_00125.jpg,247,๗,308,0.5765,247,0.5765,247(๗):0.576 | 178(ฒ):0.037 | 163(ฃ):0.027,1
/Users/thiya/Documents/GitHub/Project-1-Thai-Character-Number-Recognition/test_dataset/ts_img_00126.jpg,173,ญ,110,0.6081,173,0.6081,173(ญ):0.608 | 179(ณ):0.294 | 172(ฌ):0.007,1
/Users/thiya/Documents/GitHub/Project-1-Thai-Character-Number-Recognition/test_dataset/ts_img_00127.jpg,240,๐,301,0.8825,240,0.8825,240(๐):0.882 | 199(ว):0.006 | 241(๑):0.006,1
/Users/thiya/Documents/GitHub/Project-1-Thai-Character-Number-Recognition/test_dataset/ts_img_00128.jpg,182,ถ,118,0.4017,182,0.4017,182(ถ):0.402 | 161(ก):0.263 | 240(๐):0.017,1
/Users/thiya/Documents/GitHub/Project-1-Thai-Character-Number-Recognition/test_dataset/ts_img_00129.jpg,161,ก,101,0.4993,161,0.4993,161(ก):0.499 | 183(ท):0.086 | 229(ๅ):0.014,1
/Users/thiya/Documents/GitHub/Project-1-Thai-Character-Number-Recognition/test_dataset/ts_img_00130.jpg,246,๖,307,0.1516,246,0.1516,246(๖):0.152 | 240(๐):0.094 | 184(ธ):0.089,1
/Users/thiya/Documents/GitHub/Project-1-Thai-Character-Number-Recognition/test_dataset/ts_img_00131.jpg,186,บ,122,0.3474,186,0.3474,186(บ):0.347 | 203(ห):0.140 | 227(ใ):0.055,1
/Users/thiya/Documents/GitHub/Project-1-Thai-Character-Number-Recognition/test_dataset/ts_img_00132.jpg,186,บ,122,0.8646,186,0.8646,186(บ):0.865 | 187(ป):0.016 | 232(่):0.006,1
/Users/thiya/Documents/GitHub/Project-1-Thai-Character-Number-Recognition/test_dataset/ts_img_00133.jpg,187,ป,123,0.7747,187,0.7747,187(ป):0.775 | 186(บ):0.095 | 194(ย):0.005,1
/Users/thiya/Documents/GitHub/Project-1-Thai-Character-Number-Recognition/test_dataset/ts_img_00134.jpg,188,ผ,124,0.0854,188,0.0854,188(ผ):0.085 | 162(ข):0.085 | 203(ห):0.080,1
/Users/thiya/Documents/GitHub/Project-1-Thai-Character-Number-Recognition/test_dataset/ts_img_00135.jpg,206,ฮ,141,0.3466,206,0.3466,206(ฮ):0.347 | 194(ย):0.233 | 207(ฯ):0.043,1
/Users/thiya/Documents/GitHub/Project-1-Thai-Character-Number-Recognition/test_dataset/ts_img_00136.jpg,163,ฃ,103,0.2764,163,0.2764,163(ฃ):0.276 | 171(ซ):0.152 | 201(ษ):0.121,1
/Users/thiya/Documents/GitHub/Project-1-Thai-Character-Number-Recognition/test_dataset/ts_img_00137.jpg,244,๔,305,0.9035,244,0.9035,244(๔):0.903 | 231(็):0.003 | 242(๒):0.003,1
/Users/thiya/Documents/GitHub/Project-1-Thai-Character-Number-Recognition/test_dataset/ts_img_00138.jpg,187,ป,123,0.21,187,0.21,187(ป):0.210 | 167(ง):0.196 | 191(ฟ):0.049,1
/Users/thiya/Documents/GitHub/Project-1-Thai-Character-Number-Recognition/test_dataset/ts_img_00139.jpg,161,ก,101,0.9189,161,0.9189,161(ก):0.919 | 164(ค):0.005 | 240(๐):0.003,1
/Users/thiya/Documents/GitHub/Project-1-Thai-Character-Number-Recognition/test_dataset/ts_img_00140.jpg,240,๐,301,0.8186,240,0.8186,240(๐):0.819 | 205(อ):0.024 | 199(ว):0.013,1
/Users/thiya/Documents/GitHub/Project-1-Thai-Character-Number-Recognition/test_dataset/ts_img_00141.jpg,168,จ,106,0.6451,168,0.6451,168(จ):0.645 | 227(ใ):0.033 | 248(๘):0.032,1
/Users/thiya/Documents/GitHub/Project-1-Thai-Character-Number-Recognition/test_dataset/ts_img_00142.jpg,194,ย,130,0.7643,194,0.7643,194(ย):0.764 | 205(อ):0.027 | 162(ข):0.009,1
/Users/thiya/Documents/GitHub/Project-1-Thai-Character-Number-Recognition/test_dataset/ts_img_00143.jpg,175,ฏ,111,0.8478,175,0.8478,175(ฏ):0.848 | 174(ฎ):0.047 | 240(๐):0.005,1
/Users/thiya/Documents/GitHub/Project-1-Thai-Character-Number-Recognition/test_dataset/ts_img_00144.jpg,226,โ,212,0.8067,226,0.8067,226(โ):0.807 | 161(ก):0.044 | 210(า):0.011,1
/Users/thiya/Documents/GitHub/Project-1-Thai-Character-Number-Recognition/test_dataset/ts_img_00145.jpg,164,ค,104,0.6864,164,0.6864,164(ค):0.686 | 161(ก):0.093 | 165(ฅ):0.012,1
/Users/thiya/Documents/GitHub/Project-1-Thai-Character-Number-Recognition/test_dataset/ts_img_00146.jpg,168,จ,106,0.707,168,0.707,168(จ):0.707 | 199(ว):0.036 | 196(ฤ):0.021,1
/Users/thiya/Documents/GitHub/Project-1-Thai-Character-Number-Recognition/test_dataset/ts_img_00147.jpg,243,๓,304,0.6683,243,0.6683,243(๓):0.668 | 181(ต):0.047 | 242(๒):0.045,1
/Users/thiya/Documents/GitHub/Project-1-Thai-Character-Number-Recognition/test_dataset/ts_img_00148.jpg,161,ก,101,0.6679,161,0.6679,161(ก):0.668 | 183(ท):0.037 | 210(า):0.015,1
/Users/thiya/Documents/GitHub/Project-1-Thai-Character-Number-Recognition/test_dataset/ts_img_00149.jpg,177,ฑ,113,0.8243,177,0.8243,177(ฑ):0.824 | 183(ท):0.048 | 203(ห):0.008,1
/Users/thiya/Documents/GitHub/Project-1-Thai-Character-Number-Recognition/test_dataset/ts_img_00150.jpg,186,บ,122,0.9074,186,0.9074,186(บ):0.907 | 187(ป):0.012 | 161(ก):0.004,1
/Users/thiya/Documents/GitHub/Project-1-Thai-Character-Number-Recognition/test_dataset/ts_img_00151.jpg,240,๐,301,0.2372,240,0.2372,240(๐):0.237 | 246(๖):0.178 | 241(๑):0.068,1
/Users/thiya/Documents/GitHub/Project-1-Thai-Character-Number-Recognition/test_dataset/ts_img_00152.jpg,245,๕,306,0.9299,245,0.9299,245(๕):0.930 | 244(๔):0.001 | 208(ะ):0.001,1
/Users/thiya/Documents/GitHub/Project-1-Thai-Character-Number-Recognition/test_dataset/ts_img_00153.jpg,186,บ,122,0.7927,186,0.7927,186(บ):0.793 | 203(ห):0.015 | 227(ใ):0.012,1
/Users/thiya/Documents/GitHub/Project-1-Thai-Character-Number-Recognition/test_dataset/ts_img_00154.jpg,188,ผ,124,0.1317,188,0.1317,188(ผ):0.132 | 186(บ):0.107 | 187(ป):0.088,1
/Users/thiya/Documents/GitHub/Project-1-Thai-Character-Number-Recognition/test_dataset/ts_img_00155.jpg,197,ล,133,0.929,197,0.929,197(ล):0.929 | 240(๐):0.002 | 168(จ):0.002,1
/Users/thiya/Documents/GitHub/Project-1-Thai-Character-Number-Recognition/test_dataset/ts_img_00156.jpg,194,ย,130,0.8827,194,0.8827,194(ย):0.883 | 242(๒):0.005 | 205(อ):0.003,1
/Users/thiya/Documents/GitHub/Project-1-Thai-Character-Number-Recognition/test_dataset/ts_img_00157.jpg,161,ก,101,0.9024,161,0.9024,161(ก):0.902 | 164(ค):0.006 | 226(โ):0.003,1
/Users/thiya/Documents/GitHub/Project-1-Thai-Character-Number-Recognition/test_dataset/ts_img_00158.jpg,225,แ,211,0.0908,225,0.0908,225(แ):0.091 | 188(ผ):0.079 | 173(ญ):0.055,1
/Users/thiya/Documents/GitHub/Project-1-Thai-Character-Number-Recognition/test_dataset/ts_img_00159.jpg,247,๗,308,0.5544,247,0.5544,247(๗):0.554 | 243(๓):0.125 | 173(ญ):0.024,1
/Users/thiya/Documents/GitHub/Project-1-Thai-Character-Number-Recognition/test_dataset/ts_img_00160.jpg,226,โ,212,0.3799,226,0.3799,226(โ):0.380 | 227(ใ):0.192 | 210(า):0.031,1
/Users/thiya/Documents/GitHub/Project-1-Thai-Character-Number-Recognition/test_dataset/ts_img_00161.jpg,186,บ,122,0.2584,186,0.2584,186(บ):0.258 | 193(ม):0.078 | 161(ก):0.053,1
/Users/thiya/Documents/GitHub/Project-1-Thai-Character-Number-Recognition/test_dataset/ts_img_00162.jpg,187,ป,123,0.5949,187,0.5949,187(ป):0.595 | 186(บ):0.231 | 194(ย):0.008,1
/Users/thiya/Documents/GitHub/Project-1-Thai-Character-Number-Recognition/test_dataset/ts_img_00163.jpg,247,๗,308,0.6321,247,0.6321,247(๗):0.632 | 178(ฒ):0.079 | 242(๒):0.024,1
/Users/thiya/Documents/GitHub/Project-1-Thai-Character-Number-Recognition/test_dataset/ts_img_00164.jpg,161,ก,101,0.9141,161,0.9141,161(ก):0.914 | 164(ค):0.003 | 226(โ):0.003,1
/Users/thiya/Documents/GitHub/Project-1-Thai-Character-Number-Recognition/test_dataset/ts_img_00165.jpg,241,๑,302,0.8126,241,0.8126,241(๑):0.813 | 240(๐):0.026 | 205(อ):0.017,1
/Users/thiya/Documents/GitHub/Project-1-Thai-Character-Number-Recognition/test_dataset/ts_img_00166.jpg,241,๑,302,0.8095,241,0.8095,241(๑):0.809 | 180(ด):0.047 | 240(๐):0.011,1
/Users/thiya/Documents/GitHub/Project-1-Thai-Character-Number-Recognition/test_dataset/ts_img_00167.jpg,240,๐,301,0.227,240,0.227,240(๐):0.227 | 205(อ):0.141 | 241(๑):0.095,1
/Users/thiya/Documents/GitHub/Project-1-Thai-Character-Number-Recognition/test_dataset/ts_img_00168.jpg,209,ั,202,0.4554,209,0.4554,209(ั):0.455 | 213(ี):0.094 | 215(ื):0.039,1
/Users/thiya/Documents/GitHub/Project-1-Thai-Character-Number-Recognition/test_dataset/ts_img_00169.jpg,202,ส,137,0.9072,202,0.9072,202(ส):0.907 | 176(ฐ):0.003 | 197(ล):0.003,1
/Users/thiya/Documents/GitHub/Project-1-Thai-Character-Number-Recognition/test_dataset/ts_img_00170.jpg,161,ก,101,0.1645,161,0.1645,161(ก):0.164 | 203(ห):0.152 | 226(โ):0.075,1
/Users/thiya/Documents/GitHub/Project-1-Thai-Character-Number-Recognition/test_dataset/ts_img_00171.jpg,204,ฬ,139,0.1895,204,0.1895,204(ฬ):0.189 | 201(ษ):0.092 | 225(แ):0.053,1
/Users/thiya/Documents/GitHub/Project-1-Thai-Character-Number-Recognition/test_dataset/ts_img_00172.jpg,227,ใ,213,0.5462,227,0.5462,227(ใ):0.546 | 207(ฯ):0.307 | 242(๒):0.018,1
/Users/thiya/Documents/GitHub/Project-1-Thai-Character-Number-Recognition/test_dataset/ts_img_00173.jpg,210,า,203,0.8384,210,0.8384,210(า):0.838 | 229(ๅ):0.024 | 227(ใ):0.004,1
/Users/thiya/Documents/GitHub/Project-1-Thai-Character-Number-Recognition/test_dataset/ts_img_00174.jpg,206,ฮ,141,0.434,206,0.434,206(ฮ):0.434 | 246(๖):0.204 | 245(๕):0.023,1
/Users/thiya/Documents/GitHub/Project-1-Thai-Character-Number-Recognition/test_dataset/ts_img_00175.jpg,217,ู,209,0.4283,217,0.4283,217(ู):0.428 | 186(บ):0.299 | 209(ั):0.057,1
/Users/thiya/Documents/GitHub/Project-1-Thai-Character-Number-Recognition/test_dataset/ts_img_00176.jpg,215,ื,207,0.9213,215,0.9213,215(ื):0.921 | 242(๒):0.003 | 225(แ):0.003,1
/Users/thiya/Documents/GitHub/Project-1-Thai-Character-Number-Recognition/test_dataset/ts_img_00177.jpg,200,ศ,135,0.8418,200,0.8418,200(ศ):0.842 | 161(ก):0.012 | 248(๘):0.011,1
/Users/thiya/Documents/GitHub/Project-1-Thai-Character-Number-Recognition/test_dataset/ts_img_00178.jpg,225,แ,211,0.1021,225,0.1021,225(แ):0.102 | 188(ผ):0.081 | 186(บ):0.081,1
/Users/thiya/Documents/GitHub/Project-1-Thai-Character-Number-Recognition/test_dataset/ts_img_00179.jpg,242,๒,303,0.8903,242,0.8903,242(๒):0.890 | 246(๖):0.008 | 247(๗):0.005,1
/Users/thiya/Documents/GitHub/Project-1-Thai-Character-Number-Recognition/test_dataset/ts_img_00180.jpg,161,ก,101,0.547,161,0.547,161(ก):0.547 | 196(ฤ):0.099 | 210(า):0.027,1
/Users/thiya/Documents/GitHub/Project-1-Thai-Character-Number-Recognition/test_dataset/ts_img_00181.jpg,189,ฝ,125,0.3147,189,0.3147,189(ฝ):0.315 | 187(ป):0.285 | 191(ฟ):0.068,1
/Users/thiya/Documents/GitHub/Project-1-Thai-Character-Number-Recognition/test_dataset/ts_img_00182.jpg,213,ี,205,0.3148,213,0.3148,213(ี):0.315 | 235(๋):0.150 | 248(๘):0.050,1
/Users/thiya/Documents/GitHub/Project-1-Thai-Character-Number-Recognition/test_dataset/ts_img_00183.jpg,216,ุ,208,0.7466,216,0.7466,216(ุ):0.747 | 232(่):0.079 | 210(า):0.007,1
/Users/thiya/Documents/GitHub/Project-1-Thai-Character-Number-Recognition/test_dataset/ts_img_00184.jpg,213,ี,205,0.1091,213,0.1091,213(ี):0.109 | 209(ั):0.070 | 186(บ):0.065,1
/Users/thiya/Documents/GitHub/Project-1-Thai-Character-Number-Recognition/test_dataset/ts_img_00185.jpg,232,่,218,0.9073,232,0.9073,232(่):0.907 | 210(า):0.004 | 229(ๅ):0.003,1
/Users/thiya/Documents/GitHub/Project-1-Thai-Character-Number-Recognition/test_dataset/ts_img_00186.jpg,226,โ,212,0.5217,226,0.5217,226(โ):0.522 | 227(ใ):0.127 | 211(ำ):0.047,1
/Users/thiya/Documents/GitHub/Project-1-Thai-Character-Number-Recognition/test_dataset/ts_img_00187.jpg,210,า,203,0.6123,210,0.6123,210(า):0.612 | 229(ๅ):0.172 | 227(ใ):0.009,1
/Users/thiya/Documents/GitHub/Project-1-Thai-Character-Number-Recognition/test_dataset/ts_img_00188.jpg,225,แ,211,0.7047,225,0.7047,225(แ):0.705 | 161(ก):0.044 | 185(น):0.011,1
/Users/thiya/Documents/GitHub/Project-1-Thai-Character-Number-Recognition/test_dataset/ts_img_00189.jpg,224,เ,210,0.1915,224,0.1915,224(เ):0.191 | 232(่):0.106 | 227(ใ):0.098,1
/Users/thiya/Documents/GitHub/Project-1-Thai-Character-Number-Recognition/test_dataset/ts_img_00190.jpg,248,๘,309,0.7854,248,0.7854,248(๘):0.785 | 231(็):0.157 | 212(ิ):0.002,1
/Users/thiya/Documents/GitHub/Project-1-Thai-Character-Number-Recognition/test_dataset/ts_img_00191.jpg,233,้,219,0.6528,233,0.6528,233(้):0.653 | 186(บ):0.096 | 217(ู):0.076,1
/Users/thiya/Documents/GitHub/Project-1-Thai-Character-Number-Recognition/test_dataset/ts_img_00192.jpg,243,๓,304,0.8733,243,0.8733,243(๓):0.873 | 165(ฅ):0.006 | 181(ต):0.005,1
/Users/thiya/Documents/GitHub/Project-1-Thai-Character-Number-Recognition/test_dataset/ts_img_00193.jpg,240,๐,301,0.8966,240,0.8966,240(๐):0.897 | 212(ิ):0.003 | 227(ใ):0.003,1
/Users/thiya/Documents/GitHub/Project-1-Thai-Character-Number-Recognition/test_dataset/ts_img_00194.jpg,249,๙,310,0.5748,249,0.5748,249(๙):0.575 | 247(๗):0.052 | 248(๘):0.021,1
/Users/thiya/Documents/GitHub/Project-1-Thai-Character-Number-Recognition/test_dataset/ts_img_00195.jpg,246,๖,307,0.9518,246,0.9518,246(๖):0.952 | 242(๒):0.003 | 240(๐):0.002,1
/Users/thiya/Documents/GitHub/Project-1-Thai-Character-Number-Recognition/test_dataset/ts_img_00196.jpg,248,๘,309,0.838,248,0.838,248(๘):0.838 | 244(๔):0.020 | 246(๖):0.011,1
/Users/thiya/Documents/GitHub/Project-1-Thai-Character-Number-Recognition/test_dataset/ts_img_00197.jpg,247,๗,308,0.8883,247,0.8883,247(๗):0.888 | 242(๒):0.010 | 173(ญ):0.004,1
/Users/thiya/Documents/GitHub/Project-1-Thai-Character-Number-Recognition/test_dataset/ts_img_00198.jpg,201,ษ,136,0.4386,201,0.4386,201(ษ):0.439 | 242(๒):0.175 | 207(ฯ):0.030,1
/Users/thiya/Documents/GitHub/Project-1-Thai-Character-Number-Recognition/test_dataset/ts_img_00199.jpg,199,ว,134,0.4003,199,0.4003,199(ว):0.400 | 210(า):0.277 | 229(ๅ):0.027,1
/Users/thiya/Documents/GitHub/Project-1-Thai-Character-Number-Recognition/test_dataset/ts_img_00200.jpg,226,โ,212,0.9219,226,0.9219,226(โ):0.922 | 227(ใ):0.009 | 161(ก):0.003,1
/Users/thiya/Documents/GitHub/Project-1-Thai-Character-Number-Recognition/test_dataset/ts_img_00201.jpg,176,ฐ,112,0.6176,176,0.6176,176(ฐ):0.618 | 184(ธ):0.029 | 168(จ):0.029,1
/Users/thiya/Documents/GitHub/Project-1-Thai-Character-Number-Recognition/test_dataset/ts_img_00202.jpg,175,ฏ,111,0.9256,175,0.9256,175(ฏ):0.926 | 174(ฎ):0.013 | 172(ฌ):0.001,1
/Users/thiya/Documents/GitHub/Project-1-Thai-Character-Number-Recognition/test_dataset/ts_img_00203.jpg,173,ญ,110,0.8359,173,0.8359,173(ญ):0.836 | 179(ณ):0.019 | 182(ถ):0.017,1
/Users/thiya/Documents/GitHub/Project-1-Thai-Character-Number-Recognition/test_dataset/ts_img_00204.jpg,171,ซ,109,0.8472,171,0.8472,171(ซ):0.847 | 177(ฑ):0.006 | 163(ฃ):0.005,1
/Users/thiya/Documents/GitHub/Project-1-Thai-Character-Number-Recognition/test_dataset/ts_img_00205.jpg,170,ช,108,0.8339,170,0.8339,170(ช):0.834 | 162(ข):0.008 | 174(ฎ):0.004,1
/Users/thiya/Documents/GitHub/Project-1-Thai-Character-Number-Recognition/test_dataset/ts_img_00206.jpg,169,ฉ,107,0.9108,169,0.9108,169(ฉ):0.911 | 186(บ):0.002 | 174(ฎ):0.002,1
/Users/thiya/Documents/GitHub/Project-1-Thai-Character-Number-Recognition/test_dataset/ts_img_00207.jpg,247,๗,308,0.9184,247,0.9184,247(๗):0.918 | 242(๒):0.003 | 243(๓):0.003,1
/Users/thiya/Documents/GitHub/Project-1-Thai-Character-Number-Recognition/test_dataset/ts_img_00208.jpg,168,จ,106,0.9366,168,0.9366,168(จ):0.937 | 197(ล):0.002 | 229(ๅ):0.001,1
/Users/thiya/Documents/GitHub/Project-1-Thai-Character-Number-Recognition/test_dataset/ts_img_00209.jpg,167,ง,105,0.8895,167,0.8895,167(ง):0.889 | 176(ฐ):0.003 | 187(ป):0.003,1
/Users/thiya/Documents/GitHub/Project-1-Thai-Character-Number-Recognition/test_dataset/ts_img_00210.jpg,163,ฃ,103,0.5248,163,0.5248,163(ฃ):0.525 | 162(ข):0.066 | 171(ซ):0.028,1
/Users/thiya/Documents/GitHub/Project-1-Thai-Character-Number-Recognition/test_dataset/ts_img_00211.jpg,162,ข,102,0.9011,162,0.9011,162(ข):0.901 | 205(อ):0.003 | 180(ด):0.002,1
/Users/thiya/Documents/GitHub/Project-1-Thai-Character-Number-Recognition/test_dataset/ts_img_00212.jpg,188,ผ,124,0.8658,188,0.8658,188(ผ):0.866 | 189(ฝ):0.006 | 203(ห):0.003,1
/Users/thiya/Documents/GitHub/Project-1-Thai-Character-Number-Recognition/test_dataset/ts_img_00213.jpg,187,ป,123,0.9095,187,0.9095,187(ป):0.910 | 188(ผ):0.002 | 227(ใ):0.002,1
/Users/thiya/Documents/GitHub/Project-1-Thai-Character-Number-Recognition/test_dataset/ts_img_00214.jpg,186,บ,122,0.8857,186,0.8857,186(บ):0.886 | 231(็):0.003 | 227(ใ):0.002,1
/Users/thiya/Documents/GitHub/Project-1-Thai-Character-Number-Recognition/test_dataset/ts_img_00215.jpg,181,ต,117,0.9171,181,0.9171,181(ต):0.917 | 243(๓):0.002 | 236(์):0.002,1
/Users/thiya/Documents/GitHub/Project-1-Thai-Character-Number-Recognition/test_dataset/ts_img_00216.jpg,201,ษ,136,0.9109,201,0.9109,201(ษ):0.911 | 207(ฯ):0.002 | 194(ย):0.002,1
/Users/thiya/Documents/GitHub/Project-1-Thai-Character-Number-Recognition/test_dataset/ts_img_00217.jpg,200,ศ,135,0.8776,200,0.8776,200(ศ):0.878 | 202(ส):0.004 | 248(๘):0.004,1
/Users/thiya/Documents/GitHub/Project-1-Thai-Character-Number-Recognition/test_dataset/ts_img_00218.jpg,199,ว,134,0.9185,199,0.9185,199(ว):0.919 | 240(๐):0.002 | 227(ใ):0.002,1
/Users/thiya/Documents/GitHub/Project-1-Thai-Character-Number-Recognition/test_dataset/ts_img_00219.jpg,242,๒,303,0.9393,242,0.9393,242(๒):0.939 | 247(๗):0.001 | 180(ด):0.001,1
/Users/thiya/Documents/GitHub/Project-1-Thai-Character-Number-Recognition/test_dataset/ts_img_00220.jpg,197,ล,133,0.9271,197,0.9271,197(ล):0.927 | 171(ซ):0.001 | 165(ฅ):0.001,1
/Users/thiya/Documents/GitHub/Project-1-Thai-Character-Number-Recognition/test_dataset/ts_img_00221.jpg,196,ฤ,132,0.6555,196,0.6555,196(ฤ):0.656 | 182(ถ):0.176 | 229(ๅ):0.004,1
/Users/thiya/Documents/GitHub/Project-1-Thai-Character-Number-Recognition/test_dataset/ts_img_00222.jpg,207,ฯ,201,0.9176,207,0.9176,207(ฯ):0.918 | 194(ย):0.004 | 227(ใ):0.003,1
/Users/thiya/Documents/GitHub/Project-1-Thai-Character-Number-Recognition/test_dataset/ts_img_00223.jpg,206,ฮ,141,0.9379,206,0.9379,206(ฮ):0.938 | 194(ย):0.003 | 246(๖):0.002,1
/Users/thiya/Documents/GitHub/Project-1-Thai-Character-Number-Recognition/test_dataset/ts_img_00224.jpg,205,อ,140,0.8683,205,0.8683,205(อ):0.868 | 168(จ):0.003 | 169(ฉ):0.003,1
/Users/thiya/Documents/GitHub/Project-1-Thai-Character-Number-Recognition/test_dataset/ts_img_00225.jpg,204,ฬ,139,0.9185,204,0.9185,204(ฬ):0.918 | 176(ฐ):0.003 | 169(ฉ):0.002,1
/Users/thiya/Documents/GitHub/Project-1-Thai-Character-Number-Recognition/test_dataset/ts_img_00226.jpg,246,๖,307,0.8951,246,0.8951,246(๖):0.895 | 207(ฯ):0.003 | 183(ท):0.003,1
/Users/thiya/Documents/GitHub/Project-1-Thai-Character-Number-Recognition/test_dataset/ts_img_00227.jpg,203,ห,138,0.9076,203,0.9076,203(ห):0.908 | 204(ฬ):0.003 | 169(ฉ):0.002,1
/Users/thiya/Documents/GitHub/Project-1-Thai-Character-Number-Recognition/test_dataset/ts_img_00228.jpg,202,ส,137,0.9046,202,0.9046,202(ส):0.905 | 249(๙):0.003 | 247(๗):0.003,1
/Users/thiya/Documents/GitHub/Project-1-Thai-Character-Number-Recognition/test_dataset/ts_img_00229.jpg,186,บ,122,0.5781,186,0.5781,186(บ):0.578 | 217(ู):0.108 | 162(ข):0.031,1
/Users/thiya/Documents/GitHub/Project-1-Thai-Character-Number-Recognition/test_dataset/ts_img_00230.jpg,216,ุ,208,0.8592,216,0.8592,216(ุ):0.859 | 207(ฯ):0.007 | 241(๑):0.005,1
/Users/thiya/Documents/GitHub/Project-1-Thai-Character-Number-Recognition/test_dataset/ts_img_00231.jpg,215,ื,207,0.9075,215,0.9075,215(ื):0.907 | 213(ี):0.008 | 214(ึ):0.005,1
/Users/thiya/Documents/GitHub/Project-1-Thai-Character-Number-Recognition/test_dataset/ts_img_00232.jpg,185,น,121,0.8609,185,0.8609,185(น):0.861 | 186(บ):0.005 | 227(ใ):0.003,1
/Users/thiya/Documents/GitHub/Project-1-Thai-Character-Number-Recognition/test_dataset/ts_img_00233.jpg,184,ธ,120,0.9317,184,0.9317,184(ธ):0.932 | 176(ฐ):0.003 | 194(ย):0.002,1
/Users/thiya/Documents/GitHub/Project-1-Thai-Character-Number-Recognition/test_dataset/ts_img_00234.jpg,183,ท,119,0.8505,183,0.8505,183(ท):0.850 | 162(ข):0.005 | 203(ห):0.005,1
/Users/thiya/Documents/GitHub/Project-1-Thai-Character-Number-Recognition/test_dataset/ts_img_00235.jpg,214,ึ,206,0.9239,214,0.9239,214(ึ):0.924 | 215(ื):0.002 | 194(ย):0.002,1
/Users/thiya/Documents/GitHub/Project-1-Thai-Character-Number-Recognition/test_dataset/ts_img_00236.jpg,236,์,221,0.9211,236,0.9211,236(์):0.921 | 203(ห):0.002 | 248(๘):0.002,1
/Users/thiya/Documents/GitHub/Project-1-Thai-Character-Number-Recognition/test_dataset/ts_img_00237.jpg,234,๊,220,0.6713,234,0.6713,234(๊):0.671 | 247(๗):0.137 | 178(ฒ):0.026,1
/Users/thiya/Documents/GitHub/Project-1-Thai-Character-Number-Recognition/test_dataset/ts_img_00238.jpg,233,้,219,0.909,233,0.909,233(้):0.909 | 209(ั):0.006 | 193(ม):0.002,1
/Users/thiya/Documents/GitHub/Project-1-Thai-Character-Number-Recognition/test_dataset/ts_img_00239.jpg,232,่,218,0.9169,232,0.9169,232(่):0.917 | 210(า):0.002 | 193(ม):0.002,1
/Users/thiya/Documents/GitHub/Project-1-Thai-Character-Number-Recognition/test_dataset/ts_img_00240.jpg,231,็,217,0.7291,231,0.7291,231(็):0.729 | 248(๘):0.181 | 217(ู):0.002,1
/Users/thiya/Documents/GitHub/Project-1-Thai-Character-Number-Recognition/test_dataset/ts_img_00241.jpg,230,ๆ,216,0.8905,230,0.8905,230(ๆ):0.890 | 243(๓):0.005 | 242(๒):0.005,1
/Users/thiya/Documents/GitHub/Project-1-Thai-Character-Number-Recognition/test_dataset/ts_img_00242.jpg,228,ไ,214,0.8895,228,0.8895,228(ไ):0.890 | 226(โ):0.004 | 227(ใ):0.004,1
/Users/thiya/Documents/GitHub/Project-1-Thai-Character-Number-Recognition/test_dataset/ts_img_00243.jpg,227,ใ,213,0.9347,227,0.9347,227(ใ):0.935 | 170(ช):0.002 | 245(๕):0.002,1
/Users/thiya/Documents/GitHub/Project-1-Thai-Character-Number-Recognition/test_dataset/ts_img_00244.jpg,225,แ,211,0.8911,225,0.8911,225(แ):0.891 | 224(เ):0.004 | 208(ะ):0.003,1
/Users/thiya/Documents/GitHub/Project-1-Thai-Character-Number-Recognition/test_dataset/ts_img_00245.jpg,224,เ,210,0.8917,224,0.8917,224(เ):0.892 | 246(๖):0.003 | 240(๐):0.003,1
/Users/thiya/Documents/GitHub/Project-1-Thai-Character-Number-Recognition/test_dataset/ts_img_00246.jpg,161,ก,101,0.9208,161,0.9208,161(ก):0.921 | 192(ภ):0.004 | 182(ถ):0.002,1
/Users/thiya/Documents/GitHub/Project-1-Thai-Character-Number-Recognition/test_dataset/ts_img_00247.jpg,249,๙,310,0.2495,249,0.2495,249(๙):0.249 | 231(็):0.117 | 236(์):0.100,1
/Users/thiya/Documents/GitHub/Project-1-Thai-Character-Number-Recognition/test_dataset/ts_img_00248.jpg,206,ฮ,141,0.0886,206,0.0886,206(ฮ):0.089 | 175(ฏ):0.058 | 180(ด):0.048,1
/Users/thiya/Documents/GitHub/Project-1-Thai-Character-Number-Recognition/test_dataset/ts_img_00249.jpg,242,๒,303,0.5499,242,0.5499,242(๒):0.550 | 165(ฅ):0.064 | 206(ฮ):0.062,1
/Users/thiya/Documents/GitHub/Project-1-Thai-Character-Number-Recognition/test_dataset/ts_img_00250.jpg,212,ิ,204,0.1794,212,0.1794,212(ิ):0.179 | 213(ี):0.163 | 215(ื):0.056,1
/Users/thiya/Documents/GitHub/Project-1-Thai-Character-Number-Recognition/test_dataset/ts_img_00251.jpg,170,ช,108,0.8809,170,0.8809,170(ช):0.881 | 171(ซ):0.004 | 174(ฎ):0.003,1
/Users/thiya/Documents/GitHub/Project-1-Thai-Character-Number-Recognition/test_dataset/ts_img_00252.jpg,167,ง,105,0.9151,167,0.9151,167(ง):0.915 | 190(พ):0.002 | 246(๖):0.002,1
/Users/thiya/Documents/GitHub/Project-1-Thai-Character-Number-Recognition/test_dataset/ts_img_00253.jpg,246,๖,307,0.9454,246,0.9454,246(๖):0.945 | 241(๑):0.002 | 245(๕):0.002,1
/Users/thiya/Documents/GitHub/Project-1-Thai-Character-Number-Recognition/test_dataset/ts_img_00254.jpg,161,ก,101,0.8799,161,0.8799,161(ก):0.880 | 212(ิ):0.003 | 210(า):0.003,1
/Users/thiya/Documents/GitHub/Project-1-Thai-Character-Number-Recognition/test_dataset/ts_img_00255.jpg,164,ค,104,0.8959,164,0.8959,164(ค):0.896 | 180(ด):0.002 | 167(ง):0.002,1
/Users/thiya/Documents/GitHub/Project-1-Thai-Character-Number-Recognition/test_dataset/ts_img_00256.jpg,168,จ,106,0.9007,168,0.9007,168(จ):0.901 | 197(ล):0.010 | 167(ง):0.002,1
/Users/thiya/Documents/GitHub/Project-1-Thai-Character-Number-Recognition/test_dataset/ts_img_00257.jpg,169,ฉ,107,0.9367,169,0.9367,169(ฉ):0.937 | 186(บ):0.002 | 185(น):0.001,1
/Users/thiya/Documents/GitHub/Project-1-Thai-Character-Number-Recognition/test_dataset/ts_img_00258.jpg,163,ฃ,103,0.491,163,0.491,163(ฃ):0.491 | 171(ซ):0.047 | 230(ๆ):0.027,1
/Users/thiya/Documents/GitHub/Project-1-Thai-Character-Number-Recognition/test_dataset/ts_img_00259.jpg,173,ญ,110,0.8721,173,0.8721,173(ญ):0.872 | 179(ณ):0.053 | 172(ฌ):0.007,1
/Users/thiya/Documents/GitHub/Project-1-Thai-Character-Number-Recognition/test_dataset/ts_img_00260.jpg,171,ซ,109,0.8556,171,0.8556,171(ซ):0.856 | 187(ป):0.004 | 177(ฑ):0.003,1
/Users/thiya/Documents/GitHub/Project-1-Thai-Character-Number-Recognition/test_dataset/ts_img_00261.jpg,182,ถ,118,0.9199,182,0.9199,182(ถ):0.920 | 196(ฤ):0.005 | 226(โ):0.002,1
/Users/thiya/Documents/GitHub/Project-1-Thai-Character-Number-Recognition/test_dataset/ts_img_00262.jpg,186,บ,122,0.9058,186,0.9058,186(บ):0.906 | 201(ษ):0.003 | 217(ู):0.002,1
/Users/thiya/Documents/GitHub/Project-1-Thai-Character-Number-Recognition/test_dataset/ts_img_00263.jpg,184,ธ,120,0.9022,184,0.9022,184(ธ):0.902 | 226(โ):0.003 | 208(ะ):0.003,1
/Users/thiya/Documents/GitHub/Project-1-Thai-Character-Number-Recognition/test_dataset/ts_img_00264.jpg,183,ท,119,0.8518,183,0.8518,183(ท):0.852 | 203(ห):0.004 | 162(ข):0.004,1
/Users/thiya/Documents/GitHub/Project-1-Thai-Character-Number-Recognition/test_dataset/ts_img_00265.jpg,244,๔,305,0.9235,244,0.9235,244(๔):0.923 | 245(๕):0.002 | 231(็):0.002,1
/Users/thiya/Documents/GitHub/Project-1-Thai-Character-Number-Recognition/test_dataset/ts_img_00266.jpg,247,๗,308,0.8521,247,0.8521,247(๗):0.852 | 242(๒):0.010 | 178(ฒ):0.004,1
/Users/thiya/Documents/GitHub/Project-1-Thai-Character-Number-Recognition/test_dataset/ts_img_00267.jpg,179,ณ,115,0.9044,179,0.9044,179(ณ):0.904 | 190(พ):0.003 | 205(อ):0.002,1
/Users/thiya/Documents/GitHub/Project-1-Thai-Character-Number-Recognition/test_dataset/ts_img_00268.jpg,188,ผ,124,0.7484,188,0.7484,188(ผ):0.748 | 189(ฝ):0.057 | 203(ห):0.004,1
/Users/thiya/Documents/GitHub/Project-1-Thai-Character-Number-Recognition/test_dataset/ts_img_00269.jpg,178,ฒ,114,0.8658,178,0.8658,178(ฒ):0.866 | 242(๒):0.003 | 247(๗):0.003,1
/Users/thiya/Documents/GitHub/Project-1-Thai-Character-Number-Recognition/test_dataset/ts_img_00270.jpg,187,ป,123,0.9198,187,0.9198,187(ป):0.920 | 167(ง):0.002 | 194(ย):0.002,1
/Users/thiya/Documents/GitHub/Project-1-Thai-Character-Number-Recognition/test_dataset/ts_img_00271.jpg,249,๙,310,0.9198,249,0.9198,249(๙):0.920 | 180(ด):0.002 | 181(ต):0.002,1
/Users/thiya/Documents/GitHub/Project-1-Thai-Character-Number-Recognition/test_dataset/ts_img_00272.jpg,192,ภ,128,0.9139,192,0.9139,192(ภ):0.914 | 198(ฦ):0.006 | 246(๖):0.002,1
/Users/thiya/Documents/GitHub/Project-1-Thai-Character-Number-Recognition/test_dataset/ts_img_00273.jpg,189,ฝ,125,0.9187,189,0.9187,189(ฝ):0.919 | 191(ฟ):0.004 | 179(ณ):0.002,1
/Users/thiya/Documents/GitHub/Project-1-Thai-Character-Number-Recognition/test_dataset/ts_img_00274.jpg,248,๘,309,0.8936,248,0.8936,248(๘):0.894 | 231(็):0.003 | 180(ด):0.003,1
/Users/thiya/Documents/GitHub/Project-1-Thai-Character-Number-Recognition/test_dataset/ts_img_00275.jpg,191,ฟ,127,0.9247,191,0.9247,191(ฟ):0.925 | 190(พ):0.006 | 189(ฝ):0.002,1
/Users/thiya/Documents/GitHub/Project-1-Thai-Character-Number-Recognition/test_dataset/ts_img_00276.jpg,194,ย,130,0.9047,194,0.9047,194(ย):0.905 | 210(า):0.002 | 174(ฎ):0.002,1
/Users/thiya/Documents/GitHub/Project-1-Thai-Character-Number-Recognition/test_dataset/ts_img_00277.jpg,196,ฤ,132,0.4826,196,0.4826,196(ฤ):0.483 | 182(ถ):0.338 | 181(ต):0.004,1
/Users/thiya/Documents/GitHub/Project-1-Thai-Character-Number-Recognition/test_dataset/ts_img_00278.jpg,197,ล,133,0.9161,197,0.9161,197(ล):0.916 | 247(๗):0.002 | 165(ฅ):0.002,1
/Users/thiya/Documents/GitHub/Project-1-Thai-Character-Number-Recognition/test_dataset/ts_img_00279.jpg,201,ษ,136,0.8689,201,0.8689,201(ษ):0.869 | 194(ย):0.003 | 226(โ):0.003,1
/Users/thiya/Documents/GitHub/Project-1-Thai-Character-Number-Recognition/test_dataset/ts_img_00280.jpg,193,ม,129,0.889,193,0.889,193(ม):0.889 | 186(บ):0.002 | 195(ร):0.002,1
/Users/thiya/Documents/GitHub/Project-1-Thai-Character-Number-Recognition/test_dataset/ts_img_00281.jpg,243,๓,304,0.9068,243,0.9068,243(๓):0.907 | 206(ฮ):0.003 | 181(ต):0.002,1
/Users/thiya/Documents/GitHub/Project-1-Thai-Character-Number-Recognition/test_dataset/ts_img_00282.jpg,199,ว,134,0.9189,199,0.9189,199(ว):0.919 | 195(ร):0.003 | 246(๖):0.002,1
/Users/thiya/Documents/GitHub/Project-1-Thai-Character-Number-Recognition/test_dataset/ts_img_00283.jpg,195,ร,131,0.8941,195,0.8941,195(ร):0.894 | 246(๖):0.003 | 226(โ):0.003,1
/Users/thiya/Documents/GitHub/Project-1-Thai-Character-Number-Recognition/test_dataset/ts_img_00284.jpg,202,ส,137,0.8782,202,0.8782,202(ส):0.878 | 197(ล):0.005 | 249(๙):0.003,1
/Users/thiya/Documents/GitHub/Project-1-Thai-Character-Number-Recognition/test_dataset/ts_img_00285.jpg,207,ฯ,201,0.8996,207,0.8996,207(ฯ):0.900 | 209(ั):0.004 | 213(ี):0.003,1
/Users/thiya/Documents/GitHub/Project-1-Thai-Character-Number-Recognition/test_dataset/ts_img_00286.jpg,205,อ,140,0.9325,205,0.9325,205(อ):0.932 | 240(๐):0.001 | 241(๑):0.001,1
/Users/thiya/Documents/GitHub/Project-1-Thai-Character-Number-Recognition/test_dataset/ts_img_00287.jpg,229,ๅ,215,0.6223,229,0.6223,229(ๅ):0.622 | 210(า):0.139 | 212(ิ):0.008,1
/Users/thiya/Documents/GitHub/Project-1-Thai-Character-Number-Recognition/test_dataset/ts_img_00288.jpg,209,ั,202,0.8982,209,0.8982,209(ั):0.898 | 240(๐):0.004 | 207(ฯ):0.004,1
/Users/thiya/Documents/GitHub/Project-1-Thai-Character-Number-Recognition/test_dataset/ts_img_00289.jpg,204,ฬ,139,0.923,204,0.923,204(ฬ):0.923 | 190(พ):0.004 | 211(ำ):0.001,1
/Users/thiya/Documents/GitHub/Project-1-Thai-Character-Number-Recognition/test_dataset/ts_img_00290.jpg,214,ึ,206,0.8462,214,0.8462,214(ึ):0.846 | 215(ื):0.038 | 167(ง):0.006,1
/Users/thiya/Documents/GitHub/Project-1-Thai-Character-Number-Recognition/test_dataset/ts_img_00291.jpg,216,ุ,208,0.8808,216,0.8808,216(ุ):0.881 | 167(ง):0.006 | 237(ํ):0.005,1
/Users/thiya/Documents/GitHub/Project-1-Thai-Character-Number-Recognition/test_dataset/ts_img_00292.jpg,168,จ,106,0.5585,168,0.5585,168(จ):0.558 | 217(ู):0.037 | 169(ฉ):0.032,1
/Users/thiya/Documents/GitHub/Project-1-Thai-Character-Number-Recognition/test_dataset/ts_img_00293.jpg,215,ื,207,0.9241,215,0.9241,215(ื):0.924 | 246(๖):0.002 | 226(โ):0.002,1
/Users/thiya/Documents/GitHub/Project-1-Thai-Character-Number-Recognition/test_dataset/ts_img_00294.jpg,213,ี,205,0.8387,213,0.8387,213(ี):0.839 | 212(ิ):0.007 | 215(ื):0.006,1
/Users/thiya/Documents/GitHub/Project-1-Thai-Character-Number-Recognition/test_dataset/ts_img_00295.jpg,212,ิ,204,0.8984,212,0.8984,212(ิ):0.898 | 240(๐):0.004 | 213(ี):0.003,1
/Users/thiya/Documents/GitHub/Project-1-Thai-Character-Number-Recognition/test_dataset/ts_img_00296.jpg,206,ฮ,141,0.1332,206,0.1332,206(ฮ):0.133 | 162(ข):0.130 | 174(ฎ):0.065,1
/Users/thiya/Documents/GitHub/Project-1-Thai-Character-Number-Recognition/test_dataset/ts_img_00297.jpg,241,๑,302,0.239,241,0.239,241(๑):0.239 | 180(ด):0.095 | 248(๘):0.087,1
/Users/thiya/Documents/GitHub/Project-1-Thai-Character-Number-Recognition/test_dataset/ts_img_00298.jpg,241,๑,302,0.1747,241,0.1747,241(๑):0.175 | 205(อ):0.146 | 248(๘):0.115,1
/Users/thiya/Documents/GitHub/Project-1-Thai-Character-Number-Recognition/test_dataset/ts_img_00299.jpg,242,๒,303,0.7676,242,0.7676,242(๒):0.768 | 206(ฮ):0.012 | 205(อ):0.011,1
/Users/thiya/Documents/GitHub/Project-1-Thai-Character-Number-Recognition/test_dataset/ts_img_00300.jpg,242,๒,303,0.2435,242,0.2435,242(๒):0.244 | 205(อ):0.092 | 206(ฮ):0.056,1
/Users/thiya/Documents/GitHub/Project-1-Thai-Character-Number-Recognition/test_dataset/ts_img_00301.jpg,175,ฏ,111,0.9003,175,0.9003,175(ฏ):0.900 | 174(ฎ):0.013 | 161(ก):0.005,1
/Users/thiya/Documents/GitHub/Project-1-Thai-Character-Number-Recognition/test_dataset/ts_img_00302.jpg,169,ฉ,107,0.2253,169,0.2253,169(ฉ):0.225 | 240(๐):0.065 | 199(ว):0.059,1
/Users/thiya/Documents/GitHub/Project-1-Thai-Character-Number-Recognition/test_dataset/ts_img_00303.jpg,205,อ,140,0.1391,205,0.1391,205(อ):0.139 | 199(ว):0.114 | 240(๐):0.093,1
/Users/thiya/Documents/GitHub/Project-1-Thai-Character-Number-Recognition/test_dataset/ts_img_00304.jpg,187,ป,123,0.3204,187,0.3204,187(ป):0.320 | 167(ง):0.059 | 226(โ):0.035,1
/Users/thiya/Documents/GitHub/Project-1-Thai-Character-Number-Recognition/test_dataset/ts_img_00305.jpg,205,อ,140,0.2535,205,0.2535,205(อ):0.254 | 161(ก):0.082 | 173(ญ):0.066,1
/Users/thiya/Documents/GitHub/Project-1-Thai-Character-Number-Recognition/test_dataset/ts_img_00306.jpg,184,ธ,120,0.4905,184,0.4905,184(ธ):0.490 | 206(ฮ):0.078 | 168(จ):0.033,1
/Users/thiya/Documents/GitHub/Project-1-Thai-Character-Number-Recognition/test_dataset/ts_img_00307.jpg,249,๙,310,0.5169,249,0.5169,249(๙):0.517 | 244(๔):0.077 | 248(๘):0.064,1
/Users/thiya/Documents/GitHub/Project-1-Thai-Character-Number-Recognition/test_dataset/ts_img_00308.jpg,186,บ,122,0.1861,186,0.1861,186(บ):0.186 | 184(ธ):0.148 | 201(ษ):0.097,1
/Users/thiya/Documents/GitHub/Project-1-Thai-Character-Number-Recognition/test_dataset/ts_img_00309.jpg,226,โ,212,0.097,226,0.097,226(โ):0.097 | 227(ใ):0.085 | 203(ห):0.063,1
/Users/thiya/Documents/GitHub/Project-1-Thai-Character-Number-Recognition/test_dataset/ts_img_00310.jpg,184,ธ,120,0.7291,184,0.7291,184(ธ):0.729 | 246(๖):0.029 | 206(ฮ):0.029,1
/Users/thiya/Documents/GitHub/Project-1-Thai-Character-Number-Recognition/test_dataset/ts_img_00311.jpg,161,ก,101,0.6317,161,0.6317,161(ก):0.632 | 183(ท):0.060 | 177(ฑ):0.009,1
/Users/thiya/Documents/GitHub/Project-1-Thai-Character-Number-Recognition/test_dataset/ts_img_00312.jpg,246,๖,307,0.6547,246,0.6547,246(๖):0.655 | 240(๐):0.035 | 167(ง):0.021,1
/Users/thiya/Documents/GitHub/Project-1-Thai-Character-Number-Recognition/test_dataset/ts_img_00313.jpg,243,๓,304,0.3067,243,0.3067,243(๓):0.307 | 242(๒):0.156 | 181(ต):0.149,1
/Users/thiya/Documents/GitHub/Project-1-Thai-Character-Number-Recognition/test_dataset/ts_img_00314.jpg,179,ณ,115,0.5765,179,0.5765,179(ณ):0.576 | 173(ญ):0.271 | 161(ก):0.014,1
/Users/thiya/Documents/GitHub/Project-1-Thai-Character-Number-Recognition/test_dataset/ts_img_00315.jpg,178,ฒ,114,0.2264,178,0.2264,178(ฒ):0.226 | 247(๗):0.096 | 242(๒):0.088,1
/Users/thiya/Documents/GitHub/Project-1-Thai-Character-Number-Recognition/test_dataset/ts_img_00316.jpg,161,ก,101,0.7094,161,0.7094,161(ก):0.709 | 183(ท):0.019 | 192(ภ):0.011,1
/Users/thiya/Documents/GitHub/Project-1-Thai-Character-Number-Recognition/test_dataset/ts_img_00317.jpg,194,ย,130,0.566,194,0.566,194(ย):0.566 | 206(ฮ):0.045 | 201(ษ):0.033,1
/Users/thiya/Documents/GitHub/Project-1-Thai-Character-Number-Recognition/test_dataset/ts_img_00318.jpg,184,ธ,120,0.2117,184,0.2117,184(ธ):0.212 | 201(ษ):0.116 | 186(บ):0.051,1
/Users/thiya/Documents/GitHub/Project-1-Thai-Character-Number-Recognition/test_dataset/ts_img_00319.jpg,243,๓,304,0.1669,243,0.1669,243(๓):0.167 | 183(ท):0.142 | 181(ต):0.124,1
/Users/thiya/Documents/GitHub/Project-1-Thai-Character-Number-Recognition/test_dataset/ts_img_00320.jpg,242,๒,303,0.8412,242,0.8412,242(๒):0.841 | 240(๐):0.006 | 230(ๆ):0.006,1
/Users/thiya/Documents/GitHub/Project-1-Thai-Character-Number-Recognition/test_dataset/ts_img_00321.jpg,204,ฬ,139,0.1549,204,0.1549,204(ฬ):0.155 | 191(ฟ):0.089 | 184(ธ):0.060,1
/Users/thiya/Documents/GitHub/Project-1-Thai-Character-Number-Recognition/test_dataset/ts_img_00322.jpg,204,ฬ,139,0.5049,204,0.5049,204(ฬ):0.505 | 187(ป):0.067 | 191(ฟ):0.058,1
/Users/thiya/Documents/GitHub/Project-1-Thai-Character-Number-Recognition/test_dataset/ts_img_00323.jpg,248,๘,309,0.8436,248,0.8436,248(๘):0.844 | 231(็):0.033 | 204(ฬ):0.004,1
/Users/thiya/Documents/GitHub/Project-1-Thai-Character-Number-Recognition/test_dataset/ts_img_00324.jpg,201,ษ,136,0.7503,201,0.7503,201(ษ):0.750 | 242(๒):0.041 | 203(ห):0.016,1
/Users/thiya/Documents/GitHub/Project-1-Thai-Character-Number-Recognition/test_dataset/ts_img_00325.jpg,200,ศ,135,0.2509,200,0.2509,200(ศ):0.251 | 206(ฮ):0.075 | 205(อ):0.069,1
/Users/thiya/Documents/GitHub/Project-1-Thai-Character-Number-Recognition/test_dataset/ts_img_00326.jpg,199,ว,134,0.3545,199,0.3545,199(ว):0.354 | 240(๐):0.145 | 241(๑):0.030,1
/Users/thiya/Documents/GitHub/Project-1-Thai-Character-Number-Recognition/test_dataset/ts_img_00327.jpg,197,ล,133,0.9649,197,0.9649,197(ล):0.965 | 161(ก):0.002 | 199(ว):0.002,1
/Users/thiya/Documents/GitHub/Project-1-Thai-Character-Number-Recognition/test_dataset/ts_img_00328.jpg,161,ก,101,0.2375,161,0.2375,161(ก):0.238 | 196(ฤ):0.207 | 182(ถ):0.058,1
/Users/thiya/Documents/GitHub/Project-1-Thai-Character-Number-Recognition/test_dataset/ts_img_00329.jpg,246,๖,307,0.2415,246,0.2415,246(๖):0.242 | 241(๑):0.057 | 167(ง):0.056,1
/Users/thiya/Documents/GitHub/Project-1-Thai-Character-Number-Recognition/test_dataset/ts_img_00330.jpg,210,า,203,0.7764,210,0.7764,210(า):0.776 | 227(ใ):0.022 | 229(ๅ):0.006,1
/Users/thiya/Documents/GitHub/Project-1-Thai-Character-Number-Recognition/test_dataset/ts_img_00331.jpg,227,ใ,213,0.6992,227,0.6992,227(ใ):0.699 | 228(ไ):0.094 | 207(ฯ):0.020,1
/Users/thiya/Documents/GitHub/Project-1-Thai-Character-Number-Recognition/test_dataset/ts_img_00332.jpg,204,ฬ,139,0.3307,204,0.3307,204(ฬ):0.331 | 184(ธ):0.067 | 201(ษ):0.044,1
/Users/thiya/Documents/GitHub/Project-1-Thai-Character-Number-Recognition/test_dataset/ts_img_00333.jpg,203,ห,138,0.2094,203,0.2094,203(ห):0.209 | 170(ช):0.101 | 171(ซ):0.097,1
/Users/thiya/Documents/GitHub/Project-1-Thai-Character-Number-Recognition/test_dataset/ts_img_00334.jpg,202,ส,137,0.9068,202,0.9068,202(ส):0.907 | 197(ล):0.023 | 206(ฮ):0.009,1
/Users/thiya/Documents/GitHub/Project-1-Thai-Character-Number-Recognition/test_dataset/ts_img_00335.jpg,186,บ,122,0.5523,186,0.5523,186(บ):0.552 | 217(ู):0.166 | 209(ั):0.034,1
/Users/thiya/Documents/GitHub/Project-1-Thai-Character-Number-Recognition/test_dataset/ts_img_00336.jpg,210,า,203,0.5067,210,0.5067,210(า):0.507 | 229(ๅ):0.090 | 232(่):0.086,1
/Users/thiya/Documents/GitHub/Project-1-Thai-Character-Number-Recognition/test_dataset/ts_img_00337.jpg,215,ื,207,0.7654,215,0.7654,215(ื):0.765 | 235(๋):0.019 | 193(ม):0.016,1
/Users/thiya/Documents/GitHub/Project-1-Thai-Character-Number-Recognition/test_dataset/ts_img_00338.jpg,214,ึ,206,0.4681,214,0.4681,214(ึ):0.468 | 186(บ):0.040 | 224(เ):0.033,1
/Users/thiya/Documents/GitHub/Project-1-Thai-Character-Number-Recognition/test_dataset/ts_img_00339.jpg,213,ี,205,0.1949,213,0.1949,213(ี):0.195 | 209(ั):0.183 | 226(โ):0.069,1
/Users/thiya/Documents/GitHub/Project-1-Thai-Character-Number-Recognition/test_dataset/ts_img_00340.jpg,244,๔,305,0.3308,244,0.3308,244(๔):0.331 | 248(๘):0.156 | 242(๒):0.062,1
/Users/thiya/Documents/GitHub/Project-1-Thai-Character-Number-Recognition/test_dataset/ts_img_00341.jpg,240,๐,301,0.8725,240,0.8725,240(๐):0.872 | 241(๑):0.008 | 175(ฏ):0.004,1
/Users/thiya/Documents/GitHub/Project-1-Thai-Character-Number-Recognition/test_dataset/ts_img_00342.jpg,210,า,203,0.6913,210,0.6913,210(า):0.691 | 227(ใ):0.083 | 226(โ):0.009,1
/Users/thiya/Documents/GitHub/Project-1-Thai-Character-Number-Recognition/test_dataset/ts_img_00343.jpg,226,โ,212,0.5405,226,0.5405,226(โ):0.541 | 227(ใ):0.068 | 228(ไ):0.044,1
/Users/thiya/Documents/GitHub/Project-1-Thai-Character-Number-Recognition/test_dataset/ts_img_00344.jpg,227,ใ,213,0.8746,227,0.8746,227(ใ):0.875 | 210(า):0.017 | 226(โ):0.014,1
/Users/thiya/Documents/GitHub/Project-1-Thai-Character-Number-Recognition/test_dataset/ts_img_00345.jpg,226,โ,212,0.7576,226,0.7576,226(โ):0.758 | 184(ธ):0.035 | 176(ฐ):0.022,1
/Users/thiya/Documents/GitHub/Project-1-Thai-Character-Number-Recognition/test_dataset/ts_img_00346.jpg,161,ก,101,0.3107,161,0.3107,161(ก):0.311 | 184(ธ):0.119 | 186(บ):0.026,1
/Users/thiya/Documents/GitHub/Project-1-Thai-Character-Number-Recognition/test_dataset/ts_img_00347.jpg,226,โ,212,0.5164,226,0.5164,226(โ):0.516 | 227(ใ):0.026 | 210(า):0.025,1
/Users/thiya/Documents/GitHub/Project-1-Thai-Character-Number-Recognition/test_dataset/ts_img_00348.jpg,226,โ,212,0.1153,226,0.1153,226(โ):0.115 | 235(๋):0.094 | 236(์):0.092,1
/Users/thiya/Documents/GitHub/Project-1-Thai-Character-Number-Recognition/test_dataset/ts_img_00349.jpg,243,๓,304,0.8112,243,0.8112,243(๓):0.811 | 247(๗):0.025 | 181(ต):0.018,1
/Users/thiya/Documents/GitHub/Project-1-Thai-Character-Number-Recognition/test_dataset/ts_img_00350.jpg,233,้,219,0.6727,233,0.6727,233(้):0.673 | 209(ั):0.047 | 186(บ):0.023,1
/Users/thiya/Documents/GitHub/Project-1-Thai-Character-Number-Recognition/test_dataset/ts_img_00351.jpg,161,ก,101,0.8983,161,0.8983,161(ก):0.898 | 210(า):0.004 | 229(ๅ):0.003,1
/Users/thiya/Documents/GitHub/Project-1-Thai-Character-Number-Recognition/test_dataset/ts_img_00352.jpg,163,ฃ,103,0.8628,163,0.8628,163(ฃ):0.863 | 186(บ):0.007 | 242(๒):0.006,1
/Users/thiya/Documents/GitHub/Project-1-Thai-Character-Number-Recognition/test_dataset/ts_img_00353.jpg,200,ศ,135,0.8861,200,0.8861,200(ศ):0.886 | 248(๘):0.005 | 161(ก):0.002,1
/Users/thiya/Documents/GitHub/Project-1-Thai-Character-Number-Recognition/test_dataset/ts_img_00354.jpg,164,ค,104,0.8687,164,0.8687,164(ค):0.869 | 161(ก):0.034 | 240(๐):0.006,1
/Users/thiya/Documents/GitHub/Project-1-Thai-Character-Number-Recognition/test_dataset/ts_img_00355.jpg,226,โ,212,0.887,226,0.887,226(โ):0.887 | 184(ธ):0.004 | 208(ะ):0.003,1
/Users/thiya/Documents/GitHub/Project-1-Thai-Character-Number-Recognition/test_dataset/ts_img_00356.jpg,170,ช,108,0.9381,170,0.9381,170(ช):0.938 | 171(ซ):0.006 | 187(ป):0.003,1
/Users/thiya/Documents/GitHub/Project-1-Thai-Character-Number-Recognition/test_dataset/ts_img_00357.jpg,171,ซ,109,0.8528,171,0.8528,171(ซ):0.853 | 247(๗):0.007 | 170(ช):0.006,1
/Users/thiya/Documents/GitHub/Project-1-Thai-Character-Number-Recognition/test_dataset/ts_img_00358.jpg,173,ญ,110,0.6327,173,0.6327,173(ญ):0.633 | 161(ก):0.094 | 179(ณ):0.039,1
/Users/thiya/Documents/GitHub/Project-1-Thai-Character-Number-Recognition/test_dataset/ts_img_00359.jpg,176,ฐ,112,0.2332,176,0.2332,176(ฐ):0.233 | 184(ธ):0.221 | 202(ส):0.175,1
/Users/thiya/Documents/GitHub/Project-1-Thai-Character-Number-Recognition/test_dataset/ts_img_00360.jpg,177,ฑ,113,0.8872,177,0.8872,177(ฑ):0.887 | 233(้):0.002 | 228(ไ):0.002,1
/Users/thiya/Documents/GitHub/Project-1-Thai-Character-Number-Recognition/test_dataset/ts_img_00361.jpg,234,๊,220,0.7373,234,0.7373,234(๊):0.737 | 247(๗):0.163 | 243(๓):0.005,1
/Users/thiya/Documents/GitHub/Project-1-Thai-Character-Number-Recognition/test_dataset/ts_img_00362.jpg,243,๓,304,0.7755,243,0.7755,243(๓):0.776 | 181(ต):0.026 | 242(๒):0.008,1
/Users/thiya/Documents/GitHub/Project-1-Thai-Character-Number-Recognition/test_dataset/ts_img_00363.jpg,179,ณ,115,0.9218,179,0.9218,179(ณ):0.922 | 190(พ):0.003 | 185(น):0.003,1
/Users/thiya/Documents/GitHub/Project-1-Thai-Character-Number-Recognition/test_dataset/ts_img_00364.jpg,183,ท,119,0.7525,183,0.7525,183(ท):0.752 | 177(ฑ):0.015 | 181(ต):0.011,1
/Users/thiya/Documents/GitHub/Project-1-Thai-Character-Number-Recognition/test_dataset/ts_img_00365.jpg,232,่,218,0.9345,232,0.9345,232(่):0.935 | 181(ต):0.002 | 247(๗):0.002,1
/Users/thiya/Documents/GitHub/Project-1-Thai-Character-Number-Recognition/test_dataset/ts_img_00366.jpg,184,ธ,120,0.8419,184,0.8419,184(ธ):0.842 | 170(ช):0.008 | 195(ร):0.006,1
/Users/thiya/Documents/GitHub/Project-1-Thai-Character-Number-Recognition/test_dataset/ts_img_00367.jpg,185,น,121,0.898,185,0.898,185(น):0.898 | 242(๒):0.002 | 179(ณ):0.002,1
/Users/thiya/Documents/GitHub/Project-1-Thai-Character-Number-Recognition/test_dataset/ts_img_00368.jpg,227,ใ,213,0.8886,227,0.8886,227(ใ):0.889 | 196(ฤ):0.023 | 241(๑):0.004,1
/Users/thiya/Documents/GitHub/Project-1-Thai-Character-Number-Recognition/test_dataset/ts_img_00369.jpg,186,บ,122,0.8753,186,0.8753,186(บ):0.875 | 187(ป):0.021 | 244(๔):0.006,1
/Users/thiya/Documents/GitHub/Project-1-Thai-Character-Number-Recognition/test_dataset/ts_img_00370.jpg,189,ฝ,125,0.7488,189,0.7488,189(ฝ):0.749 | 191(ฟ):0.042 | 247(๗):0.026,1
/Users/thiya/Documents/GitHub/Project-1-Thai-Character-Number-Recognition/test_dataset/ts_img_00371.jpg,191,ฟ,127,0.2804,191,0.2804,191(ฟ):0.280 | 189(ฝ):0.271 | 190(พ):0.053,1
/Users/thiya/Documents/GitHub/Project-1-Thai-Character-Number-Recognition/test_dataset/ts_img_00372.jpg,246,๖,307,0.2812,246,0.2812,246(๖):0.281 | 206(ฮ):0.213 | 184(ธ):0.053,1
/Users/thiya/Documents/GitHub/Project-1-Thai-Character-Number-Recognition/test_dataset/ts_img_00373.jpg,191,ฟ,127,0.6693,191,0.6693,191(ฟ):0.669 | 189(ฝ):0.174 | 247(๗):0.016,1
/Users/thiya/Documents/GitHub/Project-1-Thai-Character-Number-Recognition/test_dataset/ts_img_00374.jpg,210,า,203,0.5871,210,0.5871,210(า):0.587 | 229(ๅ):0.238 | 227(ใ):0.011,1
/Users/thiya/Documents/GitHub/Project-1-Thai-Character-Number-Recognition/test_dataset/ts_img_00375.jpg,245,๕,306,0.8894,245,0.8894,245(๕):0.889 | 170(ช):0.003 | 208(ะ):0.003,1
/Users/thiya/Documents/GitHub/Project-1-Thai-Character-Number-Recognition/test_dataset/ts_img_00376.jpg,192,ภ,128,0.5245,192,0.5245,192(ภ):0.524 | 161(ก):0.280 | 164(ค):0.011,1
/Users/thiya/Documents/GitHub/Project-1-Thai-Character-Number-Recognition/test_dataset/ts_img_00377.jpg,194,ย,130,0.8026,194,0.8026,194(ย):0.803 | 186(บ):0.014 | 217(ู):0.009,1
/Users/thiya/Documents/GitHub/Project-1-Thai-Character-Number-Recognition/test_dataset/ts_img_00378.jpg,196,ฤ,132,0.4514,196,0.4514,196(ฤ):0.451 | 198(ฦ):0.218 | 210(า):0.039,1
/Users/thiya/Documents/GitHub/Project-1-Thai-Character-Number-Recognition/test_dataset/ts_img_00379.jpg,247,๗,308,0.8768,247,0.8768,247(๗):0.877 | 242(๒):0.006 | 243(๓):0.004,1
/Users/thiya/Documents/GitHub/Project-1-Thai-Character-Number-Recognition/test_dataset/ts_img_00380.jpg,201,ษ,136,0.7925,201,0.7925,201(ษ):0.793 | 242(๒):0.027 | 186(บ):0.011,1
/Users/thiya/Documents/GitHub/Project-1-Thai-Character-Number-Recognition/test_dataset/ts_img_00381.jpg,203,ห,138,0.8414,203,0.8414,203(ห):0.841 | 227(ใ):0.003 | 210(า):0.003,1
/Users/thiya/Documents/GitHub/Project-1-Thai-Character-Number-Recognition/test_dataset/ts_img_00382.jpg,205,อ,140,0.7015,205,0.7015,205(อ):0.701 | 240(๐):0.043 | 199(ว):0.018,1
/Users/thiya/Documents/GitHub/Project-1-Thai-Character-Number-Recognition/test_dataset/ts_img_00383.jpg,207,ฯ,201,0.9024,207,0.9024,207(ฯ):0.902 | 228(ไ):0.011 | 203(ห):0.006,1
/Users/thiya/Documents/GitHub/Project-1-Thai-Character-Number-Recognition/test_dataset/ts_img_00384.jpg,209,ั,202,0.8331,209,0.8331,209(ั):0.833 | 233(้):0.065 | 226(โ):0.005,1
/Users/thiya/Documents/GitHub/Project-1-Thai-Character-Number-Recognition/test_dataset/ts_img_00385.jpg,210,า,203,0.7662,210,0.7662,210(า):0.766 | 229(ๅ):0.118 | 227(ใ):0.003,1
/Users/thiya/Documents/GitHub/Project-1-Thai-Character-Number-Recognition/test_dataset/ts_img_00386.jpg,214,ึ,206,0.9269,214,0.9269,214(ึ):0.927 | 206(ฮ):0.002 | 188(ผ):0.002,1
/Users/thiya/Documents/GitHub/Project-1-Thai-Character-Number-Recognition/test_dataset/ts_img_00387.jpg,215,ื,207,0.9122,215,0.9122,215(ื):0.912 | 214(ึ):0.005 | 213(ี):0.004,1
/Users/thiya/Documents/GitHub/Project-1-Thai-Character-Number-Recognition/test_dataset/ts_img_00388.jpg,232,่,218,0.9342,232,0.9342,232(่):0.934 | 181(ต):0.002 | 215(ื):0.002,1
/Users/thiya/Documents/GitHub/Project-1-Thai-Character-Number-Recognition/test_dataset/ts_img_00389.jpg,233,้,219,0.507,233,0.507,233(้):0.507 | 209(ั):0.075 | 217(ู):0.069,1
/Users/thiya/Documents/GitHub/Project-1-Thai-Character-Number-Recognition/test_dataset/ts_img_00390.jpg,224,เ,210,0.7204,224,0.7204,224(เ):0.720 | 236(์):0.053 | 232(่):0.047,1
/Users/thiya/Documents/GitHub/Project-1-Thai-Character-Number-Recognition/test_dataset/ts_img_00391.jpg,161,ก,101,0.9138,161,0.9138,161(ก):0.914 | 196(ฤ):0.004 | 210(า):0.003,1
/Users/thiya/Documents/GitHub/Project-1-Thai-Character-Number-Recognition/test_dataset/ts_img_00392.jpg,228,ไ,214,0.931,228,0.931,228(ไ):0.931 | 230(ๆ):0.002 | 207(ฯ):0.002,1
/Users/thiya/Documents/GitHub/Project-1-Thai-Character-Number-Recognition/test_dataset/ts_img_00393.jpg,228,ไ,214,0.5762,228,0.5762,228(ไ):0.576 | 235(๋):0.047 | 242(๒):0.027,1
/Users/thiya/Documents/GitHub/Project-1-Thai-Character-Number-Recognition/test_dataset/ts_img_00394.jpg,233,้,219,0.9245,233,0.9245,233(้):0.924 | 209(ั):0.009 | 217(ู):0.003,1
/Users/thiya/Documents/GitHub/Project-1-Thai-Character-Number-Recognition/test_dataset/ts_img_00395.jpg,236,์,221,0.8804,236,0.8804,236(์):0.880 | 231(็):0.004 | 248(๘):0.003,1
/Users/thiya/Documents/GitHub/Project-1-Thai-Character-Number-Recognition/test_dataset/ts_img_00396.jpg,244,๔,305,0.9306,244,0.9306,244(๔):0.931 | 248(๘):0.005 | 233(้):0.002,1
/Users/thiya/Documents/GitHub/Project-1-Thai-Character-Number-Recognition/test_dataset/ts_img_00397.jpg,186,บ,122,0.6114,186,0.6114,186(บ):0.611 | 187(ป):0.026 | 217(ู):0.025,1
/Users/thiya/Documents/GitHub/Project-1-Thai-Character-Number-Recognition/test_dataset/ts_img_00398.jpg,246,๖,307,0.8056,246,0.8056,246(๖):0.806 | 228(ไ):0.007 | 209(ั):0.006,1
/Users/thiya/Documents/GitHub/Project-1-Thai-Character-Number-Recognition/test_dataset/ts_img_00399.jpg,248,๘,309,0.9656,248,0.9656,248(๘):0.966 | 231(็):0.002 | 189(ฝ):0.001,1
/Users/thiya/Documents/GitHub/Project-1-Thai-Character-Number-Recognition/test_dataset/ts_img_00400.jpg,249,๙,310,0.9102,249,0.9102,249(๙):0.910 | 244(๔):0.013 | 248(๘):0.003,1
/Users/thiya/Documents/GitHub/Project-1-Thai-Character-Number-Recognition/test_dataset/ts_img_00401.jpg,170,ช,108,0.7126,170,0.7126,170(ช):0.713 | 245(๕):0.021 | 187(ป):0.019,1
/Users/thiya/Documents/GitHub/Project-1-Thai-Character-Number-Recognition/test_dataset/ts_img_00402.jpg,201,ษ,136,0.8612,201,0.8612,201(ษ):0.861 | 203(ห):0.007 | 242(๒):0.005,1
/Users/thiya/Documents/GitHub/Project-1-Thai-Character-Number-Recognition/test_dataset/ts_img_00403.jpg,247,๗,308,0.5359,247,0.5359,247(๗):0.536 | 234(๊):0.183 | 241(๑):0.027,1
/Users/thiya/Documents/GitHub/Project-1-Thai-Character-Number-Recognition/test_dataset/ts_img_00404.jpg,199,ว,134,0.1616,199,0.1616,199(ว):0.162 | 240(๐):0.129 | 210(า):0.062,1
/Users/thiya/Documents/GitHub/Project-1-Thai-Character-Number-Recognition/test_dataset/ts_img_00405.jpg,236,์,221,0.6207,236,0.6207,236(์):0.621 | 244(๔):0.096 | 248(๘):0.084,1
/Users/thiya/Documents/GitHub/Project-1-Thai-Character-Number-Recognition/test_dataset/ts_img_00406.jpg,226,โ,212,0.8397,226,0.8397,226(โ):0.840 | 228(ไ):0.008 | 195(ร):0.007,1
/Users/thiya/Documents/GitHub/Project-1-Thai-Character-Number-Recognition/test_dataset/ts_img_00407.jpg,245,๕,306,0.9005,245,0.9005,245(๕):0.901 | 244(๔):0.009 | 198(ฦ):0.002,1
/Users/thiya/Documents/GitHub/Project-1-Thai-Character-Number-Recognition/test_dataset/ts_img_00408.jpg,185,น,121,0.9331,185,0.9331,185(น):0.933 | 225(แ):0.002 | 186(บ):0.001,1
/Users/thiya/Documents/GitHub/Project-1-Thai-Character-Number-Recognition/test_dataset/ts_img_00409.jpg,189,ฝ,125,0.6088,189,0.6088,189(ฝ):0.609 | 248(๘):0.064 | 200(ศ):0.017,1
/Users/thiya/Documents/GitHub/Project-1-Thai-Character-Number-Recognition/test_dataset/ts_img_00410.jpg,242,๒,303,0.1491,242,0.1491,242(๒):0.149 | 167(ง):0.105 | 203(ห):0.091,1
/Users/thiya/Documents/GitHub/Project-1-Thai-Character-Number-Recognition/test_dataset/ts_img_00411.jpg,249,๙,310,0.5524,249,0.5524,249(๙):0.552 | 248(๘):0.226 | 244(๔):0.094,1
/Users/thiya/Documents/GitHub/Project-1-Thai-Character-Number-Recognition/test_dataset/ts_img_00412.jpg,184,ธ,120,0.8875,184,0.8875,184(ธ):0.888 | 195(ร):0.004 | 176(ฐ):0.004,1
/Users/thiya/Documents/GitHub/Project-1-Thai-Character-Number-Recognition/test_dataset/ts_img_00413.jpg,186,บ,122,0.3693,186,0.3693,186(บ):0.369 | 162(ข):0.314 | 187(ป):0.018,1
/Users/thiya/Documents/GitHub/Project-1-Thai-Character-Number-Recognition/test_dataset/ts_img_00414.jpg,215,ื,207,0.9004,215,0.9004,215(ื):0.900 | 213(ี):0.014 | 242(๒):0.005,1
/Users/thiya/Documents/GitHub/Project-1-Thai-Character-Number-Recognition/test_dataset/ts_img_00415.jpg,209,ั,202,0.1267,209,0.1267,209(ั):0.127 | 167(ง):0.062 | 246(๖):0.049,1
/Users/thiya/Documents/GitHub/Project-1-Thai-Character-Number-Recognition/test_dataset/ts_img_00416.jpg,192,ภ,128,0.9401,192,0.9401,192(ภ):0.940 | 198(ฦ):0.004 | 199(ว):0.001,1
/Users/thiya/Documents/GitHub/Project-1-Thai-Character-Number-Recognition/test_dataset/ts_img_00417.jpg,247,๗,308,0.2191,247,0.2191,247(๗):0.219 | 191(ฟ):0.112 | 234(๊):0.071,1
/Users/thiya/Documents/GitHub/Project-1-Thai-Character-Number-Recognition/test_dataset/ts_img_00418.jpg,248,๘,309,0.3023,248,0.3023,248(๘):0.302 | 200(ศ):0.263 | 244(๔):0.050,1
/Users/thiya/Documents/GitHub/Project-1-Thai-Character-Number-Recognition/test_dataset/ts_img_00419.jpg,204,ฬ,139,0.886,204,0.886,204(ฬ):0.886 | 248(๘):0.004 | 201(ษ):0.003,1
/Users/thiya/Documents/GitHub/Project-1-Thai-Character-Number-Recognition/test_dataset/ts_img_00420.jpg,174,ฎ,,0.1468,174,0.1468,174(ฎ):0.147 | 175(ฏ):0.122 | 241(๑):0.113,1
/Users/thiya/Documents/GitHub/Project-1-Thai-Character-Number-Recognition/test_dataset/ts_img_00421.jpg,209,ั,202,0.5443,209,0.5443,209(ั):0.544 | 241(๑):0.043 | 246(๖):0.041,1
/Users/thiya/Documents/GitHub/Project-1-Thai-Character-Number-Recognition/test_dataset/ts_img_00422.jpg,187,ป,123,0.6974,187,0.6974,187(ป):0.697 | 233(้):0.023 | 170(ช):0.016,1
/Users/thiya/Documents/GitHub/Project-1-Thai-Character-Number-Recognition/test_dataset/ts_img_00423.jpg,207,ฯ,201,0.434,207,0.434,207(ฯ):0.434 | 241(๑):0.115 | 230(ๆ):0.064,1
/Users/thiya/Documents/GitHub/Project-1-Thai-Character-Number-Recognition/test_dataset/ts_img_00424.jpg,228,ไ,214,0.7916,228,0.7916,228(ไ):0.792 | 226(โ):0.013 | 246(๖):0.005,1
/Users/thiya/Documents/GitHub/Project-1-Thai-Character-Number-Recognition/test_dataset/ts_img_00425.jpg,202,ส,137,0.4245,202,0.4245,202(ส):0.424 | 248(๘):0.153 | 249(๙):0.133,1
/Users/thiya/Documents/GitHub/Project-1-Thai-Character-Number-Recognition/test_dataset/ts_img_00426.jpg,242,๒,303,0.7908,242,0.7908,242(๒):0.791 | 224(เ):0.030 | 246(๖):0.020,1
/Users/thiya/Documents/GitHub/Project-1-Thai-Character-Number-Recognition/test_dataset/ts_img_00427.jpg,245,๕,306,0.4938,245,0.4938,245(๕):0.494 | 244(๔):0.098 | 174(ฎ):0.024,1
/Users/thiya/Documents/GitHub/Project-1-Thai-Character-Number-Recognition/test_dataset/ts_img_00428.jpg,188,ผ,124,0.8916,188,0.8916,188(ผ):0.892 | 194(ย):0.003 | 248(๘):0.003,1
/Users/thiya/Documents/GitHub/Project-1-Thai-Character-Number-Recognition/test_dataset/ts_img_00429.jpg,163,ฃ,103,0.6067,163,0.6067,163(ฃ):0.607 | 162(ข):0.063 | 230(ๆ):0.022,1
/Users/thiya/Documents/GitHub/Project-1-Thai-Character-Number-Recognition/test_dataset/ts_img_00430.jpg,213,ี,205,0.9025,213,0.9025,213(ี):0.903 | 215(ื):0.012 | 248(๘):0.006,1
/Users/thiya/Documents/GitHub/Project-1-Thai-Character-Number-Recognition/test_dataset/ts_img_00431.jpg,249,๙,310,0.9398,249,0.9398,249(๙):0.940 | 247(๗):0.006 | 200(ศ):0.004,1
/Users/thiya/Documents/GitHub/Project-1-Thai-Character-Number-Recognition/test_dataset/ts_img_00432.jpg,194,ย,130,0.8747,194,0.8747,194(ย):0.875 | 207(ฯ):0.004 | 174(ฎ):0.003,1
/Users/thiya/Documents/GitHub/Project-1-Thai-Character-Number-Recognition/test_dataset/ts_img_00433.jpg,247,๗,308,0.9081,247,0.9081,247(๗):0.908 | 234(๊):0.015 | 233(้):0.004,1
/Users/thiya/Documents/GitHub/Project-1-Thai-Character-Number-Recognition/test_dataset/ts_img_00434.jpg,205,อ,140,0.8952,205,0.8952,205(อ):0.895 | 164(ค):0.005 | 200(ศ):0.002,1
/Users/thiya/Documents/GitHub/Project-1-Thai-Character-Number-Recognition/test_dataset/ts_img_00435.jpg,202,ส,137,0.8437,202,0.8437,202(ส):0.844 | 248(๘):0.013 | 249(๙):0.012,1
/Users/thiya/Documents/GitHub/Project-1-Thai-Character-Number-Recognition/test_dataset/ts_img_00436.jpg,207,ฯ,201,0.7258,207,0.7258,207(ฯ):0.726 | 241(๑):0.034 | 209(ั):0.012,1
/Users/thiya/Documents/GitHub/Project-1-Thai-Character-Number-Recognition/test_dataset/ts_img_00437.jpg,248,๘,309,0.8784,248,0.8784,248(๘):0.878 | 231(็):0.022 | 244(๔):0.011,1
/Users/thiya/Documents/GitHub/Project-1-Thai-Character-Number-Recognition/test_dataset/ts_img_00438.jpg,170,ช,108,0.9144,170,0.9144,170(ช):0.914 | 187(ป):0.003 | 245(๕):0.003,1
/Users/thiya/Documents/GitHub/Project-1-Thai-Character-Number-Recognition/test_dataset/ts_img_00439.jpg,233,้,219,0.8717,233,0.8717,233(้):0.872 | 209(ั):0.017 | 187(ป):0.003,1
/Users/thiya/Documents/GitHub/Project-1-Thai-Character-Number-Recognition/test_dataset/ts_img_00440.jpg,200,ศ,135,0.8474,200,0.8474,200(ศ):0.847 | 248(๘):0.014 | 247(๗):0.006,1
/Users/thiya/Documents/GitHub/Project-1-Thai-Character-Number-Recognition/test_dataset/ts_img_00441.jpg,173,ญ,110,0.8963,173,0.8963,173(ญ):0.896 | 179(ณ):0.014 | 182(ถ):0.010,1
/Users/thiya/Documents/GitHub/Project-1-Thai-Character-Number-Recognition/test_dataset/ts_img_00442.jpg,177,ฑ,113,0.85,177,0.85,177(ฑ):0.850 | 181(ต):0.003 | 203(ห):0.003,1
/Users/thiya/Documents/GitHub/Project-1-Thai-Character-Number-Recognition/test_dataset/ts_img_00443.jpg,246,๖,307,0.9291,246,0.9291,246(๖):0.929 | 224(เ):0.003 | 242(๒):0.003,1
/Users/thiya/Documents/GitHub/Project-1-Thai-Character-Number-Recognition/test_dataset/ts_img_00444.jpg,206,ฮ,141,0.4133,206,0.4133,206(ฮ):0.413 | 248(๘):0.120 | 244(๔):0.072,1
/Users/thiya/Documents/GitHub/Project-1-Thai-Character-Number-Recognition/test_dataset/ts_img_00445.jpg,185,น,121,0.8941,185,0.8941,185(น):0.894 | 186(บ):0.003 | 193(ม):0.002,1
/Users/thiya/Documents/GitHub/Project-1-Thai-Character-Number-Recognition/test_dataset/ts_img_00446.jpg,197,ล,133,0.8903,197,0.8903,197(ล):0.890 | 248(๘):0.002 | 173(ญ):0.002,1
/Users/thiya/Documents/GitHub/Project-1-Thai-Character-Number-Recognition/test_dataset/ts_img_00447.jpg,164,ค,104,0.8847,164,0.8847,164(ค):0.885 | 180(ด):0.003 | 205(อ):0.003,1
/Users/thiya/Documents/GitHub/Project-1-Thai-Character-Number-Recognition/test_dataset/ts_img_00448.jpg,179,ณ,115,0.9028,179,0.9028,179(ณ):0.903 | 190(พ):0.003 | 197(ล):0.002,1
/Users/thiya/Documents/GitHub/Project-1-Thai-Character-Number-Recognition/test_dataset/ts_img_00449.jpg,201,ษ,136,0.3625,201,0.3625,201(ษ):0.362 | 187(ป):0.157 | 204(ฬ):0.030,1
/Users/thiya/Documents/GitHub/Project-1-Thai-Character-Number-Recognition/test_dataset/ts_img_00450.jpg,204,ฬ,139,0.6416,204,0.6416,204(ฬ):0.642 | 202(ส):0.073 | 248(๘):0.023,1
/Users/thiya/Documents/GitHub/Project-1-Thai-Character-Number-Recognition/test_dataset/ts_img_00451.jpg,194,ย,130,0.1558,194,0.1558,194(ย):0.156 | 206(ฮ):0.145 | 174(ฎ):0.098,1
/Users/thiya/Documents/GitHub/Project-1-Thai-Character-Number-Recognition/test_dataset/ts_img_00452.jpg,181,ต,117,0.2785,181,0.2785,181(ต):0.278 | 180(ด):0.113 | 242(๒):0.041,1
/Users/thiya/Documents/GitHub/Project-1-Thai-Character-Number-Recognition/test_dataset/ts_img_00453.jpg,174,ฎ,,0.2424,174,0.2424,174(ฎ):0.242 | 175(ฏ):0.106 | 248(๘):0.050,1
/Users/thiya/Documents/GitHub/Project-1-Thai-Character-Number-Recognition/test_dataset/ts_img_00454.jpg,169,ฉ,107,0.2352,169,0.2352,169(ฉ):0.235 | 175(ฏ):0.148 | 178(ฒ):0.070,1
/Users/thiya/Documents/GitHub/Project-1-Thai-Character-Number-Recognition/test_dataset/ts_img_00455.jpg,202,ส,137,0.3727,202,0.3727,202(ส):0.373 | 176(ฐ):0.175 | 249(๙):0.031,1
/Users/thiya/Documents/GitHub/Project-1-Thai-Character-Number-Recognition/test_dataset/ts_img_00456.jpg,242,๒,303,0.5596,242,0.5596,242(๒):0.560 | 178(ฒ):0.112 | 248(๘):0.017,1
/Users/thiya/Documents/GitHub/Project-1-Thai-Character-Number-Recognition/test_dataset/ts_img_00457.jpg,205,อ,140,0.1182,205,0.1182,205(อ):0.118 | 163(ฃ):0.069 | 184(ธ):0.050,1
/Users/thiya/Documents/GitHub/Project-1-Thai-Character-Number-Recognition/test_dataset/ts_img_00458.jpg,194,ย,130,0.2214,194,0.2214,194(ย):0.221 | 242(๒):0.063 | 206(ฮ):0.039,1
/Users/thiya/Documents/GitHub/Project-1-Thai-Character-Number-Recognition/test_dataset/ts_img_00459.jpg,242,๒,303,0.2892,242,0.2892,242(๒):0.289 | 206(ฮ):0.221 | 194(ย):0.017,1
/Users/thiya/Documents/GitHub/Project-1-Thai-Character-Number-Recognition/test_dataset/ts_img_00460.jpg,248,๘,309,0.0951,248,0.0951,248(๘):0.095 | 242(๒):0.065 | 178(ฒ):0.064,1
/Users/thiya/Documents/GitHub/Project-1-Thai-Character-Number-Recognition/test_dataset/ts_img_00461.jpg,190,พ,126,0.9138,190,0.9138,190(พ):0.914 | 191(ฟ):0.008 | 201(ษ):0.002,1
/Users/thiya/Documents/GitHub/Project-1-Thai-Character-Number-Recognition/test_dataset/ts_img_00462.jpg,195,ร,131,0.8991,195,0.8991,195(ร):0.899 | 184(ธ):0.004 | 226(โ):0.003,1
/Users/thiya/Documents/GitHub/Project-1-Thai-Character-Number-Recognition/test_dataset/ts_img_00463.jpg,243,๓,304,0.9582,243,0.9582,243(๓):0.958 | 181(ต):0.005 | 247(๗):0.002,1
/Users/thiya/Documents/GitHub/Project-1-Thai-Character-Number-Recognition/test_dataset/ts_img_00464.jpg,181,ต,117,0.8845,181,0.8845,181(ต):0.885 | 180(ด):0.003 | 178(ฒ):0.003,1
/Users/thiya/Documents/GitHub/Project-1-Thai-Character-Number-Recognition/test_dataset/ts_img_00465.jpg,226,โ,212,0.929,226,0.929,226(โ):0.929 | 184(ธ):0.003 | 228(ไ):0.002,1
/Users/thiya/Documents/GitHub/Project-1-Thai-Character-Number-Recognition/test_dataset/ts_img_00466.jpg,175,ฏ,111,0.9025,175,0.9025,175(ฏ):0.903 | 174(ฎ):0.025 | 216(ุ):0.002,1
/Users/thiya/Documents/GitHub/Project-1-Thai-Character-Number-Recognition/test_dataset/ts_img_00467.jpg,180,ด,116,0.8807,180,0.8807,180(ด):0.881 | 161(ก):0.002 | 233(้):0.002,1
/Users/thiya/Documents/GitHub/Project-1-Thai-Character-Number-Recognition/test_dataset/ts_img_00468.jpg,164,ค,104,0.8902,164,0.8902,164(ค):0.890 | 180(ด):0.004 | 193(ม):0.002,1
/Users/thiya/Documents/GitHub/Project-1-Thai-Character-Number-Recognition/test_dataset/ts_img_00469.jpg,244,๔,305,0.8632,244,0.8632,244(๔):0.863 | 231(็):0.005 | 224(เ):0.003,1
/Users/thiya/Documents/GitHub/Project-1-Thai-Character-Number-Recognition/test_dataset/ts_img_00470.jpg,199,ว,134,0.9679,199,0.9679,199(ว):0.968 | 205(อ):0.002 | 240(๐):0.001,1
/Users/thiya/Documents/GitHub/Project-1-Thai-Character-Number-Recognition/test_dataset/ts_img_00471.jpg,241,๑,302,0.8545,241,0.8545,241(๑):0.855 | 205(อ):0.008 | 167(ง):0.007,1
/Users/thiya/Documents/GitHub/Project-1-Thai-Character-Number-Recognition/test_dataset/ts_img_00472.jpg,203,ห,138,0.899,203,0.899,203(ห):0.899 | 201(ษ):0.003 | 242(๒):0.002,1
/Users/thiya/Documents/GitHub/Project-1-Thai-Character-Number-Recognition/test_dataset/ts_img_00473.jpg,171,ซ,109,0.6182,171,0.6182,171(ซ):0.618 | 170(ช):0.294 | 204(ฬ):0.008,1
/Users/thiya/Documents/GitHub/Project-1-Thai-Character-Number-Recognition/test_dataset/ts_img_00474.jpg,226,โ,212,0.8843,226,0.8843,226(โ):0.884 | 195(ร):0.004 | 228(ไ):0.004,1
/Users/thiya/Documents/GitHub/Project-1-Thai-Character-Number-Recognition/test_dataset/ts_img_00475.jpg,240,๐,301,0.324,240,0.324,240(๐):0.324 | 205(อ):0.299 | 212(ิ):0.162,1
/Users/thiya/Documents/GitHub/Project-1-Thai-Character-Number-Recognition/test_dataset/ts_img_00476.jpg,245,๕,306,0.6237,245,0.6237,245(๕):0.624 | 244(๔):0.109 | 189(ฝ):0.012,1
/Users/thiya/Documents/GitHub/Project-1-Thai-Character-Number-Recognition/test_dataset/ts_img_00477.jpg,183,ท,119,0.9176,183,0.9176,183(ท):0.918 | 187(ป):0.002 | 177(ฑ):0.002,1
/Users/thiya/Documents/GitHub/Project-1-Thai-Character-Number-Recognition/test_dataset/ts_img_00478.jpg,241,๑,302,0.6021,241,0.6021,241(๑):0.602 | 175(ฏ):0.044 | 230(ๆ):0.036,1
/Users/thiya/Documents/GitHub/Project-1-Thai-Character-Number-Recognition/test_dataset/ts_img_00479.jpg,168,จ,106,0.8356,168,0.8356,168(จ):0.836 | 197(ล):0.023 | 241(๑):0.010,1
/Users/thiya/Documents/GitHub/Project-1-Thai-Character-Number-Recognition/test_dataset/ts_img_00480.jpg,225,แ,211,0.863,225,0.863,225(แ):0.863 | 224(เ):0.004 | 208(ะ):0.004,1
/Users/thiya/Documents/GitHub/Project-1-Thai-Character-Number-Recognition/test_dataset/ts_img_00481.jpg,162,ข,102,0.8923,162,0.8923,162(ข):0.892 | 233(้):0.004 | 170(ช):0.004,1
/Users/thiya/Documents/GitHub/Project-1-Thai-Character-Number-Recognition/test_dataset/ts_img_00482.jpg,205,อ,140,0.9138,205,0.9138,205(อ):0.914 | 164(ค):0.003 | 169(ฉ):0.002,1
/Users/thiya/Documents/GitHub/Project-1-Thai-Character-Number-Recognition/test_dataset/ts_img_00483.jpg,207,ฯ,201,0.8263,207,0.8263,207(ฯ):0.826 | 241(๑):0.030 | 209(ั):0.007,1
/Users/thiya/Documents/GitHub/Project-1-Thai-Character-Number-Recognition/test_dataset/ts_img_00484.jpg,170,ช,108,0.9477,170,0.9477,170(ช):0.948 | 171(ซ):0.004 | 184(ธ):0.002,1
/Users/thiya/Documents/GitHub/Project-1-Thai-Character-Number-Recognition/test_dataset/ts_img_00485.jpg,210,า,203,0.6527,210,0.6527,210(า):0.653 | 229(ๅ):0.229 | 199(ว):0.010,1
/Users/thiya/Documents/GitHub/Project-1-Thai-Character-Number-Recognition/test_dataset/ts_img_00486.jpg,164,ค,104,0.8687,164,0.8687,164(ค):0.869 | 180(ด):0.019 | 168(จ):0.004,1
/Users/thiya/Documents/GitHub/Project-1-Thai-Character-Number-Recognition/test_dataset/ts_img_00487.jpg,242,๒,303,0.3473,242,0.3473,242(๒):0.347 | 224(เ):0.082 | 201(ษ):0.030,1
/Users/thiya/Documents/GitHub/Project-1-Thai-Character-Number-Recognition/test_dataset/ts_img_00488.jpg,203,ห,138,0.2391,203,0.2391,203(ห):0.239 | 162(ข):0.179 | 217(ู):0.161,1
/Users/thiya/Documents/GitHub/Project-1-Thai-Character-Number-Recognition/test_dataset/ts_img_00489.jpg,184,ธ,120,0.3518,184,0.3518,184(ธ):0.352 | 176(ฐ):0.117 | 206(ฮ):0.113,1
/Users/thiya/Documents/GitHub/Project-1-Thai-Character-Number-Recognition/test_dataset/ts_img_00490.jpg,232,่,218,0.3505,232,0.3505,232(่):0.351 | 162(ข):0.040 | 217(ู):0.029,1
/Users/thiya/Documents/GitHub/Project-1-Thai-Character-Number-Recognition/test_dataset/ts_img_00491.jpg,206,ฮ,141,0.2757,206,0.2757,206(ฮ):0.276 | 181(ต):0.034 | 184(ธ):0.032,1
/Users/thiya/Documents/GitHub/Project-1-Thai-Character-Number-Recognition/test_dataset/ts_img_00492.jpg,180,ด,116,0.284,180,0.284,180(ด):0.284 | 181(ต):0.065 | 205(อ):0.060,1
/Users/thiya/Documents/GitHub/Project-1-Thai-Character-Number-Recognition/test_dataset/ts_img_00493.jpg,178,ฒ,114,0.6683,178,0.6683,178(ฒ):0.668 | 242(๒):0.027 | 165(ฅ):0.014,1
/Users/thiya/Documents/GitHub/Project-1-Thai-Character-Number-Recognition/test_dataset/ts_img_00494.jpg,241,๑,302,0.8436,241,0.8436,241(๑):0.844 | 180(ด):0.016 | 205(อ):0.009,1
/Users/thiya/Documents/GitHub/Project-1-Thai-Character-Number-Recognition/test_dataset/ts_img_00495.jpg,197,ล,133,0.8975,197,0.8975,197(ล):0.898 | 244(๔):0.002 | 229(ๅ):0.002,1
/Users/thiya/Documents/GitHub/Project-1-Thai-Character-Number-Recognition/test_dataset/ts_img_00496.jpg,181,ต,117,0.1672,181,0.1672,181(ต):0.167 | 178(ฒ):0.079 | 180(ด):0.070,1
/Users/thiya/Documents/GitHub/Project-1-Thai-Character-Number-Recognition/test_dataset/ts_img_00497.jpg,206,ฮ,141,0.4032,206,0.4032,206(ฮ):0.403 | 205(อ):0.045 | 242(๒):0.025,1
/Users/thiya/Documents/GitHub/Project-1-Thai-Character-Number-Recognition/test_dataset/ts_img_00498.jpg,181,ต,117,0.1473,181,0.1473,181(ต):0.147 | 206(ฮ):0.080 | 180(ด):0.066,1
/Users/thiya/Documents/GitHub/Project-1-Thai-Character-Number-Recognition/test_dataset/ts_img_00499.jpg,205,อ,140,0.119,205,0.119,205(อ):0.119 | 242(๒):0.078 | 181(ต):0.065,1
/Users/thiya/Documents/GitHub/Project-1-Thai-Character-Number-Recognition/test_dataset/ts_img_00500.jpg,208,ะ,,0.0889,208,0.0889,208(ะ):0.089 | 194(ย):0.077 | 213(ี):0.052,1
