gt_path,pred_class_id,pred_char,confidence,file
./test_dataset/ts_img_00001,101,ก,0.9505,ts_img_00001.jpg
./test_dataset/ts_img_00002,102,ข,0.9585,ts_img_00002.jpg
./test_dataset/ts_img_00003,103,ฃ,0.7159,ts_img_00003.jpg
./test_dataset/ts_img_00004,104,ค,0.9552,ts_img_00004.jpg
./test_dataset/ts_img_00005,105,ง,0.9379,ts_img_00005.jpg
./test_dataset/ts_img_00006,106,จ,0.9547,ts_img_00006.jpg
./test_dataset/ts_img_00007,107,ฉ,0.9508,ts_img_00007.jpg
./test_dataset/ts_img_00008,108,ช,0.891,ts_img_00008.jpg
./test_dataset/ts_img_00009,109,ซ,0.9141,ts_img_00009.jpg
./test_dataset/ts_img_00010,110,ญ,0.9515,ts_img_00010.jpg
./test_dataset/ts_img_00011,111,ฏ,0.9561,ts_img_00011.jpg
./test_dataset/ts_img_00012,112,ฐ,0.913,ts_img_00012.jpg
./test_dataset/ts_img_00013,113,ฑ,0.9058,ts_img_00013.jpg
./test_dataset/ts_img_00014,114,ฒ,0.9564,ts_img_00014.jpg
./test_dataset/ts_img_00015,115,ณ,0.9364,ts_img_00015.jpg
./test_dataset/ts_img_00016,116,ด,0.9385,ts_img_00016.jpg
./test_dataset/ts_img_00017,117,ต,0.9418,ts_img_00017.jpg
./test_dataset/ts_img_00018,118,ถ,0.944,ts_img_00018.jpg
./test_dataset/ts_img_00019,119,ท,0.9392,ts_img_00019.jpg
./test_dataset/ts_img_00020,120,ธ,0.9613,ts_img_00020.jpg
./test_dataset/ts_img_00021,121,น,0.8661,ts_img_00021.jpg
./test_dataset/ts_img_00022,122,บ,0.8116,ts_img_00022.jpg
./test_dataset/ts_img_00023,123,ป,0.8132,ts_img_00023.jpg
./test_dataset/ts_img_00024,124,ผ,0.9538,ts_img_00024.jpg
./test_dataset/ts_img_00025,125,ฝ,0.9372,ts_img_00025.jpg
./test_dataset/ts_img_00026,126,พ,0.9458,ts_img_00026.jpg
./test_dataset/ts_img_00027,127,ฟ,0.9255,ts_img_00027.jpg
./test_dataset/ts_img_00028,128,ภ,0.9435,ts_img_00028.jpg
./test_dataset/ts_img_00029,129,ม,0.9553,ts_img_00029.jpg
./test_dataset/ts_img_00030,130,ย,0.955,ts_img_00030.jpg
./test_dataset/ts_img_00031,131,ร,0.9387,ts_img_00031.jpg
./test_dataset/ts_img_00032,132,ฤ,0.8978,ts_img_00032.jpg
./test_dataset/ts_img_00033,133,ล,0.9398,ts_img_00033.jpg
./test_dataset/ts_img_00034,134,ว,0.9462,ts_img_00034.jpg
./test_dataset/ts_img_00035,135,ศ,0.9506,ts_img_00035.jpg
./test_dataset/ts_img_00036,136,ษ,0.9421,ts_img_00036.jpg
./test_dataset/ts_img_00037,137,ส,0.9475,ts_img_00037.jpg
./test_dataset/ts_img_00038,138,ห,0.952,ts_img_00038.jpg
./test_dataset/ts_img_00039,139,ฬ,0.948,ts_img_00039.jpg
./test_dataset/ts_img_00040,140,อ,0.9494,ts_img_00040.jpg
./test_dataset/ts_img_00041,141,ฮ,0.9575,ts_img_00041.jpg
./test_dataset/ts_img_00042,201,ฯ,0.9358,ts_img_00042.jpg
./test_dataset/ts_img_00043,202,ั,0.8934,ts_img_00043.jpg
./test_dataset/ts_img_00044,203,า,0.9029,ts_img_00044.jpg
./test_dataset/ts_img_00045,204,ิ,0.9466,ts_img_00045.jpg
./test_dataset/ts_img_00046,205,ี,0.9089,ts_img_00046.jpg
./test_dataset/ts_img_00047,206,ึ,0.9033,ts_img_00047.jpg
./test_dataset/ts_img_00048,207,ื,0.8545,ts_img_00048.jpg
./test_dataset/ts_img_00049,208,ุ,0.9374,ts_img_00049.jpg
./test_dataset/ts_img_00050,209,ู,0.8157,ts_img_00050.jpg
./test_dataset/ts_img_00051,210,เ,0.8846,ts_img_00051.jpg
./test_dataset/ts_img_00052,211,แ,0.9563,ts_img_00052.jpg
./test_dataset/ts_img_00053,212,โ,0.9525,ts_img_00053.jpg
./test_dataset/ts_img_00054,213,ใ,0.9389,ts_img_00054.jpg
./test_dataset/ts_img_00055,214,ไ,0.9477,ts_img_00055.jpg
./test_dataset/ts_img_00056,215,ๅ,0.5822,ts_img_00056.jpg
./test_dataset/ts_img_00057,216,ๆ,0.9219,ts_img_00057.jpg
./test_dataset/ts_img_00058,217,็,0.8218,ts_img_00058.jpg
./test_dataset/ts_img_00059,218,่,0.9461,ts_img_00059.jpg
./test_dataset/ts_img_00060,219,้,0.9394,ts_img_00060.jpg
./test_dataset/ts_img_00061,220,๊,0.9022,ts_img_00061.jpg
./test_dataset/ts_img_00062,221,์,0.9458,ts_img_00062.jpg
./test_dataset/ts_img_00063,301,๐,0.9601,ts_img_00063.jpg
./test_dataset/ts_img_00064,302,๑,0.9308,ts_img_00064.jpg
./test_dataset/ts_img_00065,303,๒,0.9524,ts_img_00065.jpg
./test_dataset/ts_img_00066,304,๓,0.8985,ts_img_00066.jpg
./test_dataset/ts_img_00067,305,๔,0.959,ts_img_00067.jpg
./test_dataset/ts_img_00068,306,๕,0.9516,ts_img_00068.jpg
./test_dataset/ts_img_00069,307,๖,0.9572,ts_img_00069.jpg
./test_dataset/ts_img_00070,308,๗,0.9243,ts_img_00070.jpg
./test_dataset/ts_img_00071,309,๘,0.8746,ts_img_00071.jpg
./test_dataset/ts_img_00072,310,๙,0.9529,ts_img_00072.jpg
./test_dataset/ts_img_00073,102,ข,0.7371,ts_img_00073.jpg
./test_dataset/ts_img_00074,105,ง,0.3628,ts_img_00074.jpg
./test_dataset/ts_img_00075,102,ข,0.4539,ts_img_00075.jpg
./test_dataset/ts_img_00076,136,ษ,0.638,ts_img_00076.jpg
./test_dataset/ts_img_00077,136,ษ,0.5846,ts_img_00077.jpg
./test_dataset/ts_img_00078,141,ฮ,0.2593,ts_img_00078.jpg
./test_dataset/ts_img_00079,140,อ,0.2848,ts_img_00079.jpg
./test_dataset/ts_img_00080,106,จ,0.8908,ts_img_00080.jpg
./test_dataset/ts_img_00081,110,ญ,0.5308,ts_img_00081.jpg
./test_dataset/ts_img_00082,104,ค,0.9494,ts_img_00082.jpg
./test_dataset/ts_img_00083,111,ฏ,0.9515,ts_img_00083.jpg
./test_dataset/ts_img_00084,130,ย,0.9591,ts_img_00084.jpg
./test_dataset/ts_img_00085,131,ร,0.6745,ts_img_00085.jpg
./test_dataset/ts_img_00086,132,ฤ,0.6024,ts_img_00086.jpg
./test_dataset/ts_img_00087,133,ล,0.94,ts_img_00087.jpg
./test_dataset/ts_img_00088,105,ง,0.3215,ts_img_00088.jpg
./test_dataset/ts_img_00089,124,ผ,0.2878,ts_img_00089.jpg
./test_dataset/ts_img_00090,126,พ,0.9276,ts_img_00090.jpg
./test_dataset/ts_img_00091,126,พ,0.7776,ts_img_00091.jpg
./test_dataset/ts_img_00092,101,ก,0.4693,ts_img_00092.jpg
./test_dataset/ts_img_00093,122,บ,0.9115,ts_img_00093.jpg
./test_dataset/ts_img_00094,205,ี,0.8595,ts_img_00094.jpg
./test_dataset/ts_img_00095,208,ุ,0.5223,ts_img_00095.jpg
./test_dataset/ts_img_00096,207,ื,0.9277,ts_img_00096.jpg
./test_dataset/ts_img_00097,206,ึ,0.9443,ts_img_00097.jpg
./test_dataset/ts_img_00098,209,ู,0.7503,ts_img_00098.jpg
./test_dataset/ts_img_00099,137,ส,0.8283,ts_img_00099.jpg
./test_dataset/ts_img_00100,135,ศ,0.3293,ts_img_00100.jpg
./test_dataset/ts_img_00101,109,ซ,0.3635,ts_img_00101.jpg
./test_dataset/ts_img_00102,140,อ,0.6462,ts_img_00102.jpg
./test_dataset/ts_img_00103,141,ฮ,0.6346,ts_img_00103.jpg
./test_dataset/ts_img_00104,201,ฯ,0.9249,ts_img_00104.jpg
./test_dataset/ts_img_00105,202,ั,0.8973,ts_img_00105.jpg
./test_dataset/ts_img_00106,217,็,0.7092,ts_img_00106.jpg
./test_dataset/ts_img_00107,218,่,0.9469,ts_img_00107.jpg
./test_dataset/ts_img_00108,218,่,0.5099,ts_img_00108.jpg
./test_dataset/ts_img_00109,212,โ,0.9274,ts_img_00109.jpg
./test_dataset/ts_img_00110,201,ฯ,0.5007,ts_img_00110.jpg
./test_dataset/ts_img_00111,209,ู,0.3496,ts_img_00111.jpg
./test_dataset/ts_img_00112,220,๊,0.2891,ts_img_00112.jpg
./test_dataset/ts_img_00113,204,ิ,0.3494,ts_img_00113.jpg
./test_dataset/ts_img_00114,212,โ,0.3788,ts_img_00114.jpg
./test_dataset/ts_img_00115,203,า,0.7001,ts_img_00115.jpg
./test_dataset/ts_img_00116,301,๐,0.9607,ts_img_00116.jpg
./test_dataset/ts_img_00117,302,๑,0.9283,ts_img_00117.jpg
./test_dataset/ts_img_00118,307,๖,0.6374,ts_img_00118.jpg
./test_dataset/ts_img_00119,114,ฒ,0.3612,ts_img_00119.jpg
./test_dataset/ts_img_00120,306,๕,0.9152,ts_img_00120.jpg
./test_dataset/ts_img_00121,303,๒,0.9423,ts_img_00121.jpg
./test_dataset/ts_img_00122,217,็,0.7792,ts_img_00122.jpg
./test_dataset/ts_img_00123,117,ต,0.8512,ts_img_00123.jpg
./test_dataset/ts_img_00124,119,ท,0.8518,ts_img_00124.jpg
./test_dataset/ts_img_00125,114,ฒ,0.9087,ts_img_00125.jpg
./test_dataset/ts_img_00126,110,ญ,0.5466,ts_img_00126.jpg
./test_dataset/ts_img_00127,301,๐,0.8531,ts_img_00127.jpg
./test_dataset/ts_img_00128,118,ถ,0.5705,ts_img_00128.jpg
./test_dataset/ts_img_00129,119,ท,0.6385,ts_img_00129.jpg
./test_dataset/ts_img_00130,120,ธ,0.5896,ts_img_00130.jpg
./test_dataset/ts_img_00131,122,บ,0.4783,ts_img_00131.jpg
./test_dataset/ts_img_00132,122,บ,0.9158,ts_img_00132.jpg
./test_dataset/ts_img_00133,122,บ,0.4449,ts_img_00133.jpg
./test_dataset/ts_img_00134,124,ผ,0.3597,ts_img_00134.jpg
./test_dataset/ts_img_00135,136,ษ,0.5212,ts_img_00135.jpg
./test_dataset/ts_img_00136,103,ฃ,0.8302,ts_img_00136.jpg
./test_dataset/ts_img_00137,305,๔,0.9471,ts_img_00137.jpg
./test_dataset/ts_img_00138,105,ง,0.6764,ts_img_00138.jpg
./test_dataset/ts_img_00139,101,ก,0.9449,ts_img_00139.jpg
./test_dataset/ts_img_00140,107,ฉ,0.4218,ts_img_00140.jpg
./test_dataset/ts_img_00141,131,ร,0.4239,ts_img_00141.jpg
./test_dataset/ts_img_00142,102,ข,0.4457,ts_img_00142.jpg
./test_dataset/ts_img_00143,111,ฏ,0.4617,ts_img_00143.jpg
./test_dataset/ts_img_00144,212,โ,0.9121,ts_img_00144.jpg
./test_dataset/ts_img_00145,104,ค,0.9559,ts_img_00145.jpg
./test_dataset/ts_img_00146,106,จ,0.9485,ts_img_00146.jpg
./test_dataset/ts_img_00147,117,ต,0.9748,ts_img_00147.jpg
./test_dataset/ts_img_00148,101,ก,0.6864,ts_img_00148.jpg
./test_dataset/ts_img_00149,113,ฑ,0.9424,ts_img_00149.jpg
./test_dataset/ts_img_00150,122,บ,0.9393,ts_img_00150.jpg
./test_dataset/ts_img_00151,120,ธ,0.6985,ts_img_00151.jpg
./test_dataset/ts_img_00152,306,๕,0.9446,ts_img_00152.jpg
./test_dataset/ts_img_00153,122,บ,0.9037,ts_img_00153.jpg
./test_dataset/ts_img_00154,211,แ,0.2955,ts_img_00154.jpg
./test_dataset/ts_img_00155,133,ล,0.9577,ts_img_00155.jpg
./test_dataset/ts_img_00156,130,ย,0.9536,ts_img_00156.jpg
./test_dataset/ts_img_00157,101,ก,0.858,ts_img_00157.jpg
./test_dataset/ts_img_00158,122,บ,0.4663,ts_img_00158.jpg
./test_dataset/ts_img_00159,115,ณ,0.4235,ts_img_00159.jpg
./test_dataset/ts_img_00160,213,ใ,0.8269,ts_img_00160.jpg
./test_dataset/ts_img_00161,122,บ,0.8497,ts_img_00161.jpg
./test_dataset/ts_img_00162,122,บ,0.7758,ts_img_00162.jpg
./test_dataset/ts_img_00163,114,ฒ,0.925,ts_img_00163.jpg
./test_dataset/ts_img_00164,101,ก,0.9477,ts_img_00164.jpg
./test_dataset/ts_img_00165,302,๑,0.9192,ts_img_00165.jpg
./test_dataset/ts_img_00166,116,ด,0.8514,ts_img_00166.jpg
./test_dataset/ts_img_00167,140,อ,0.9301,ts_img_00167.jpg
./test_dataset/ts_img_00168,202,ั,0.8716,ts_img_00168.jpg
./test_dataset/ts_img_00169,137,ส,0.9512,ts_img_00169.jpg
./test_dataset/ts_img_00170,138,ห,0.4612,ts_img_00170.jpg
./test_dataset/ts_img_00171,136,ษ,0.7927,ts_img_00171.jpg
./test_dataset/ts_img_00172,201,ฯ,0.9511,ts_img_00172.jpg
./test_dataset/ts_img_00173,203,า,0.898,ts_img_00173.jpg
./test_dataset/ts_img_00174,141,ฮ,0.9601,ts_img_00174.jpg
./test_dataset/ts_img_00175,209,ู,0.7204,ts_img_00175.jpg
./test_dataset/ts_img_00176,207,ื,0.9085,ts_img_00176.jpg
./test_dataset/ts_img_00177,135,ศ,0.962,ts_img_00177.jpg
./test_dataset/ts_img_00178,122,บ,0.6793,ts_img_00178.jpg
./test_dataset/ts_img_00179,303,๒,0.9544,ts_img_00179.jpg
./test_dataset/ts_img_00180,101,ก,0.7136,ts_img_00180.jpg
./test_dataset/ts_img_00181,124,ผ,0.3429,ts_img_00181.jpg
./test_dataset/ts_img_00182,202,ั,0.2447,ts_img_00182.jpg
./test_dataset/ts_img_00183,208,ุ,0.7569,ts_img_00183.jpg
./test_dataset/ts_img_00184,202,ั,0.2808,ts_img_00184.jpg
./test_dataset/ts_img_00185,218,่,0.9377,ts_img_00185.jpg
./test_dataset/ts_img_00186,216,ๆ,0.406,ts_img_00186.jpg
./test_dataset/ts_img_00187,203,า,0.7233,ts_img_00187.jpg
./test_dataset/ts_img_00188,211,แ,0.9499,ts_img_00188.jpg
./test_dataset/ts_img_00189,218,่,0.4698,ts_img_00189.jpg
./test_dataset/ts_img_00190,217,็,0.6561,ts_img_00190.jpg
./test_dataset/ts_img_00191,202,ั,0.6318,ts_img_00191.jpg
./test_dataset/ts_img_00192,117,ต,0.7401,ts_img_00192.jpg
./test_dataset/ts_img_00193,301,๐,0.9441,ts_img_00193.jpg
./test_dataset/ts_img_00194,310,๙,0.9396,ts_img_00194.jpg
./test_dataset/ts_img_00195,307,๖,0.9615,ts_img_00195.jpg
./test_dataset/ts_img_00196,217,็,0.615,ts_img_00196.jpg
./test_dataset/ts_img_00197,308,๗,0.473,ts_img_00197.jpg
./test_dataset/ts_img_00198,136,ษ,0.8428,ts_img_00198.jpg
./test_dataset/ts_img_00199,134,ว,0.5225,ts_img_00199.jpg
./test_dataset/ts_img_00200,214,ไ,0.5354,ts_img_00200.jpg
./test_dataset/ts_img_00201,112,ฐ,0.5786,ts_img_00201.jpg
./test_dataset/ts_img_00202,111,ฏ,0.9573,ts_img_00202.jpg
./test_dataset/ts_img_00203,110,ญ,0.9625,ts_img_00203.jpg
./test_dataset/ts_img_00204,109,ซ,0.8887,ts_img_00204.jpg
./test_dataset/ts_img_00205,108,ช,0.9265,ts_img_00205.jpg
./test_dataset/ts_img_00206,107,ฉ,0.9557,ts_img_00206.jpg
./test_dataset/ts_img_00207,308,๗,0.6555,ts_img_00207.jpg
./test_dataset/ts_img_00208,106,จ,0.9286,ts_img_00208.jpg
./test_dataset/ts_img_00209,105,ง,0.9512,ts_img_00209.jpg
./test_dataset/ts_img_00210,103,ฃ,0.4199,ts_img_00210.jpg
./test_dataset/ts_img_00211,102,ข,0.9568,ts_img_00211.jpg
./test_dataset/ts_img_00212,124,ผ,0.948,ts_img_00212.jpg
./test_dataset/ts_img_00213,123,ป,0.9585,ts_img_00213.jpg
./test_dataset/ts_img_00214,122,บ,0.9372,ts_img_00214.jpg
./test_dataset/ts_img_00215,117,ต,0.9503,ts_img_00215.jpg
./test_dataset/ts_img_00216,136,ษ,0.9402,ts_img_00216.jpg
./test_dataset/ts_img_00217,135,ศ,0.9425,ts_img_00217.jpg
./test_dataset/ts_img_00218,134,ว,0.9563,ts_img_00218.jpg
./test_dataset/ts_img_00219,303,๒,0.9531,ts_img_00219.jpg
./test_dataset/ts_img_00220,133,ล,0.9538,ts_img_00220.jpg
./test_dataset/ts_img_00221,132,ฤ,0.8389,ts_img_00221.jpg
./test_dataset/ts_img_00222,201,ฯ,0.9369,ts_img_00222.jpg
./test_dataset/ts_img_00223,141,ฮ,0.9519,ts_img_00223.jpg
./test_dataset/ts_img_00224,140,อ,0.9382,ts_img_00224.jpg
./test_dataset/ts_img_00225,139,ฬ,0.9609,ts_img_00225.jpg
./test_dataset/ts_img_00226,307,๖,0.9556,ts_img_00226.jpg
./test_dataset/ts_img_00227,138,ห,0.9492,ts_img_00227.jpg
./test_dataset/ts_img_00228,137,ส,0.9512,ts_img_00228.jpg
./test_dataset/ts_img_00229,122,บ,0.5787,ts_img_00229.jpg
./test_dataset/ts_img_00230,208,ุ,0.8628,ts_img_00230.jpg
./test_dataset/ts_img_00231,207,ื,0.9209,ts_img_00231.jpg
./test_dataset/ts_img_00232,121,น,0.8331,ts_img_00232.jpg
./test_dataset/ts_img_00233,120,ธ,0.9621,ts_img_00233.jpg
./test_dataset/ts_img_00234,119,ท,0.9288,ts_img_00234.jpg
./test_dataset/ts_img_00235,206,ึ,0.9151,ts_img_00235.jpg
./test_dataset/ts_img_00236,221,์,0.9478,ts_img_00236.jpg
./test_dataset/ts_img_00237,220,๊,0.9391,ts_img_00237.jpg
./test_dataset/ts_img_00238,219,้,0.805,ts_img_00238.jpg
./test_dataset/ts_img_00239,218,่,0.9235,ts_img_00239.jpg
./test_dataset/ts_img_00240,217,็,0.9524,ts_img_00240.jpg
./test_dataset/ts_img_00241,216,ๆ,0.8264,ts_img_00241.jpg
./test_dataset/ts_img_00242,214,ไ,0.9541,ts_img_00242.jpg
./test_dataset/ts_img_00243,213,ใ,0.9548,ts_img_00243.jpg
./test_dataset/ts_img_00244,211,แ,0.9537,ts_img_00244.jpg
./test_dataset/ts_img_00245,210,เ,0.9438,ts_img_00245.jpg
./test_dataset/ts_img_00246,101,ก,0.9473,ts_img_00246.jpg
./test_dataset/ts_img_00247,218,่,0.6754,ts_img_00247.jpg
./test_dataset/ts_img_00248,118,ถ,0.9455,ts_img_00248.jpg
./test_dataset/ts_img_00249,205,ี,0.8877,ts_img_00249.jpg
./test_dataset/ts_img_00250,204,ิ,0.9379,ts_img_00250.jpg
./test_dataset/ts_img_00251,108,ช,0.9356,ts_img_00251.jpg
./test_dataset/ts_img_00252,105,ง,0.9545,ts_img_00252.jpg
./test_dataset/ts_img_00253,307,๖,0.9552,ts_img_00253.jpg
./test_dataset/ts_img_00254,101,ก,0.9594,ts_img_00254.jpg
./test_dataset/ts_img_00255,104,ค,0.9515,ts_img_00255.jpg
./test_dataset/ts_img_00256,106,จ,0.9235,ts_img_00256.jpg
./test_dataset/ts_img_00257,107,ฉ,0.9581,ts_img_00257.jpg
./test_dataset/ts_img_00258,103,ฃ,0.506,ts_img_00258.jpg
./test_dataset/ts_img_00259,110,ญ,0.9539,ts_img_00259.jpg
./test_dataset/ts_img_00260,109,ซ,0.8952,ts_img_00260.jpg
./test_dataset/ts_img_00261,118,ถ,0.9329,ts_img_00261.jpg
./test_dataset/ts_img_00262,122,บ,0.9241,ts_img_00262.jpg
./test_dataset/ts_img_00263,120,ธ,0.958,ts_img_00263.jpg
./test_dataset/ts_img_00264,119,ท,0.9115,ts_img_00264.jpg
./test_dataset/ts_img_00265,305,๔,0.5515,ts_img_00265.jpg
./test_dataset/ts_img_00266,308,๗,0.5316,ts_img_00266.jpg
./test_dataset/ts_img_00267,115,ณ,0.9502,ts_img_00267.jpg
./test_dataset/ts_img_00268,124,ผ,0.9501,ts_img_00268.jpg
./test_dataset/ts_img_00269,114,ฒ,0.9588,ts_img_00269.jpg
./test_dataset/ts_img_00270,123,ป,0.9547,ts_img_00270.jpg
./test_dataset/ts_img_00271,310,๙,0.8668,ts_img_00271.jpg
./test_dataset/ts_img_00272,128,ภ,0.9405,ts_img_00272.jpg
./test_dataset/ts_img_00273,125,ฝ,0.8705,ts_img_00273.jpg
./test_dataset/ts_img_00274,309,๘,0.8502,ts_img_00274.jpg
./test_dataset/ts_img_00275,127,ฟ,0.6656,ts_img_00275.jpg
./test_dataset/ts_img_00276,130,ย,0.9468,ts_img_00276.jpg
./test_dataset/ts_img_00277,132,ฤ,0.6929,ts_img_00277.jpg
./test_dataset/ts_img_00278,133,ล,0.9497,ts_img_00278.jpg
./test_dataset/ts_img_00279,136,ษ,0.9416,ts_img_00279.jpg
./test_dataset/ts_img_00280,129,ม,0.9498,ts_img_00280.jpg
./test_dataset/ts_img_00281,304,๓,0.9441,ts_img_00281.jpg
./test_dataset/ts_img_00282,134,ว,0.9525,ts_img_00282.jpg
./test_dataset/ts_img_00283,131,ร,0.9223,ts_img_00283.jpg
./test_dataset/ts_img_00284,137,ส,0.9619,ts_img_00284.jpg
./test_dataset/ts_img_00285,201,ฯ,0.9451,ts_img_00285.jpg
./test_dataset/ts_img_00286,140,อ,0.9288,ts_img_00286.jpg
./test_dataset/ts_img_00287,203,า,0.6546,ts_img_00287.jpg
./test_dataset/ts_img_00288,202,ั,0.8694,ts_img_00288.jpg
./test_dataset/ts_img_00289,139,ฬ,0.9533,ts_img_00289.jpg
./test_dataset/ts_img_00290,206,ึ,0.9128,ts_img_00290.jpg
./test_dataset/ts_img_00291,106,จ,0.5169,ts_img_00291.jpg
./test_dataset/ts_img_00292,106,จ,0.3549,ts_img_00292.jpg
./test_dataset/ts_img_00293,207,ื,0.8928,ts_img_00293.jpg
./test_dataset/ts_img_00294,205,ี,0.8847,ts_img_00294.jpg
./test_dataset/ts_img_00295,204,ิ,0.6403,ts_img_00295.jpg
./test_dataset/ts_img_00296,102,ข,0.9466,ts_img_00296.jpg
./test_dataset/ts_img_00297,302,๑,0.9478,ts_img_00297.jpg
./test_dataset/ts_img_00298,301,๐,0.9617,ts_img_00298.jpg
./test_dataset/ts_img_00299,303,๒,0.9559,ts_img_00299.jpg
./test_dataset/ts_img_00300,306,๕,0.9499,ts_img_00300.jpg
./test_dataset/ts_img_00301,111,ฏ,0.9354,ts_img_00301.jpg
./test_dataset/ts_img_00302,107,ฉ,0.3038,ts_img_00302.jpg
./test_dataset/ts_img_00303,106,จ,0.4505,ts_img_00303.jpg
./test_dataset/ts_img_00304,123,ป,0.3639,ts_img_00304.jpg
./test_dataset/ts_img_00305,107,ฉ,0.3429,ts_img_00305.jpg
./test_dataset/ts_img_00306,140,อ,0.3469,ts_img_00306.jpg
./test_dataset/ts_img_00307,120,ธ,0.3793,ts_img_00307.jpg
./test_dataset/ts_img_00308,122,บ,0.6566,ts_img_00308.jpg
./test_dataset/ts_img_00309,138,ห,0.7087,ts_img_00309.jpg
./test_dataset/ts_img_00310,120,ธ,0.9379,ts_img_00310.jpg
./test_dataset/ts_img_00311,119,ท,0.6345,ts_img_00311.jpg
./test_dataset/ts_img_00312,307,๖,0.2052,ts_img_00312.jpg
./test_dataset/ts_img_00313,117,ต,0.7475,ts_img_00313.jpg
./test_dataset/ts_img_00314,115,ณ,0.6858,ts_img_00314.jpg
./test_dataset/ts_img_00315,114,ฒ,0.8995,ts_img_00315.jpg
./test_dataset/ts_img_00316,101,ก,0.5483,ts_img_00316.jpg
./test_dataset/ts_img_00317,130,ย,0.5646,ts_img_00317.jpg
./test_dataset/ts_img_00318,122,บ,0.6801,ts_img_00318.jpg
./test_dataset/ts_img_00319,117,ต,0.9533,ts_img_00319.jpg
./test_dataset/ts_img_00320,303,๒,0.96,ts_img_00320.jpg
./test_dataset/ts_img_00321,139,ฬ,0.572,ts_img_00321.jpg
./test_dataset/ts_img_00322,125,ฝ,0.2869,ts_img_00322.jpg
./test_dataset/ts_img_00323,217,็,0.8647,ts_img_00323.jpg
./test_dataset/ts_img_00324,136,ษ,0.8324,ts_img_00324.jpg
./test_dataset/ts_img_00325,141,ฮ,0.2764,ts_img_00325.jpg
./test_dataset/ts_img_00326,134,ว,0.4257,ts_img_00326.jpg
./test_dataset/ts_img_00327,133,ล,0.706,ts_img_00327.jpg
./test_dataset/ts_img_00328,118,ถ,0.299,ts_img_00328.jpg
./test_dataset/ts_img_00329,131,ร,0.5054,ts_img_00329.jpg
./test_dataset/ts_img_00330,134,ว,0.4415,ts_img_00330.jpg
./test_dataset/ts_img_00331,138,ห,0.3979,ts_img_00331.jpg
./test_dataset/ts_img_00332,136,ษ,0.5677,ts_img_00332.jpg
./test_dataset/ts_img_00333,108,ช,0.2823,ts_img_00333.jpg
./test_dataset/ts_img_00334,137,ส,0.8832,ts_img_00334.jpg
./test_dataset/ts_img_00335,209,ู,0.7893,ts_img_00335.jpg
./test_dataset/ts_img_00336,203,า,0.467,ts_img_00336.jpg
./test_dataset/ts_img_00337,207,ื,0.9214,ts_img_00337.jpg
./test_dataset/ts_img_00338,206,ึ,0.9423,ts_img_00338.jpg
./test_dataset/ts_img_00339,202,ั,0.4455,ts_img_00339.jpg
./test_dataset/ts_img_00340,305,๔,0.3033,ts_img_00340.jpg
./test_dataset/ts_img_00341,301,๐,0.9464,ts_img_00341.jpg
./test_dataset/ts_img_00342,203,า,0.7755,ts_img_00342.jpg
./test_dataset/ts_img_00343,218,่,0.4974,ts_img_00343.jpg
./test_dataset/ts_img_00344,221,์,0.1991,ts_img_00344.jpg
./test_dataset/ts_img_00345,212,โ,0.7468,ts_img_00345.jpg
./test_dataset/ts_img_00346,120,ธ,0.4049,ts_img_00346.jpg
./test_dataset/ts_img_00347,212,โ,0.4514,ts_img_00347.jpg
./test_dataset/ts_img_00348,221,์,0.919,ts_img_00348.jpg
./test_dataset/ts_img_00349,220,๊,0.4057,ts_img_00349.jpg
./test_dataset/ts_img_00350,219,้,0.8421,ts_img_00350.jpg
./test_dataset/ts_img_00351,101,ก,0.9402,ts_img_00351.jpg
./test_dataset/ts_img_00352,103,ฃ,0.8442,ts_img_00352.jpg
./test_dataset/ts_img_00353,135,ศ,0.9542,ts_img_00353.jpg
./test_dataset/ts_img_00354,104,ค,0.9493,ts_img_00354.jpg
./test_dataset/ts_img_00355,212,โ,0.9455,ts_img_00355.jpg
./test_dataset/ts_img_00356,108,ช,0.9296,ts_img_00356.jpg
./test_dataset/ts_img_00357,109,ซ,0.9379,ts_img_00357.jpg
./test_dataset/ts_img_00358,110,ญ,0.5191,ts_img_00358.jpg
./test_dataset/ts_img_00359,120,ธ,0.8558,ts_img_00359.jpg
./test_dataset/ts_img_00360,113,ฑ,0.9412,ts_img_00360.jpg
./test_dataset/ts_img_00361,220,๊,0.8672,ts_img_00361.jpg
./test_dataset/ts_img_00362,117,ต,0.9563,ts_img_00362.jpg
./test_dataset/ts_img_00363,115,ณ,0.8981,ts_img_00363.jpg
./test_dataset/ts_img_00364,119,ท,0.9001,ts_img_00364.jpg
./test_dataset/ts_img_00365,218,่,0.9474,ts_img_00365.jpg
./test_dataset/ts_img_00366,120,ธ,0.9507,ts_img_00366.jpg
./test_dataset/ts_img_00367,121,น,0.9348,ts_img_00367.jpg
./test_dataset/ts_img_00368,213,ใ,0.9496,ts_img_00368.jpg
./test_dataset/ts_img_00369,122,บ,0.8946,ts_img_00369.jpg
./test_dataset/ts_img_00370,125,ฝ,0.9241,ts_img_00370.jpg
./test_dataset/ts_img_00371,126,พ,0.9036,ts_img_00371.jpg
./test_dataset/ts_img_00372,141,ฮ,0.9321,ts_img_00372.jpg
./test_dataset/ts_img_00373,127,ฟ,0.92,ts_img_00373.jpg
./test_dataset/ts_img_00374,203,า,0.8647,ts_img_00374.jpg
./test_dataset/ts_img_00375,306,๕,0.9643,ts_img_00375.jpg
./test_dataset/ts_img_00376,128,ภ,0.5987,ts_img_00376.jpg
./test_dataset/ts_img_00377,130,ย,0.9588,ts_img_00377.jpg
./test_dataset/ts_img_00378,132,ฤ,0.5023,ts_img_00378.jpg
./test_dataset/ts_img_00379,220,๊,0.7689,ts_img_00379.jpg
./test_dataset/ts_img_00380,136,ษ,0.8706,ts_img_00380.jpg
./test_dataset/ts_img_00381,138,ห,0.9547,ts_img_00381.jpg
./test_dataset/ts_img_00382,140,อ,0.9259,ts_img_00382.jpg
./test_dataset/ts_img_00383,201,ฯ,0.9325,ts_img_00383.jpg
./test_dataset/ts_img_00384,202,ั,0.8881,ts_img_00384.jpg
./test_dataset/ts_img_00385,203,า,0.9167,ts_img_00385.jpg
./test_dataset/ts_img_00386,206,ึ,0.9294,ts_img_00386.jpg
./test_dataset/ts_img_00387,207,ื,0.8673,ts_img_00387.jpg
./test_dataset/ts_img_00388,218,่,0.9503,ts_img_00388.jpg
./test_dataset/ts_img_00389,219,้,0.7658,ts_img_00389.jpg
./test_dataset/ts_img_00390,218,่,0.5227,ts_img_00390.jpg
./test_dataset/ts_img_00391,101,ก,0.9244,ts_img_00391.jpg
./test_dataset/ts_img_00392,214,ไ,0.951,ts_img_00392.jpg
./test_dataset/ts_img_00393,216,ๆ,0.2207,ts_img_00393.jpg
./test_dataset/ts_img_00394,219,้,0.937,ts_img_00394.jpg
./test_dataset/ts_img_00395,221,์,0.9124,ts_img_00395.jpg
./test_dataset/ts_img_00396,305,๔,0.9559,ts_img_00396.jpg
./test_dataset/ts_img_00397,122,บ,0.7067,ts_img_00397.jpg
./test_dataset/ts_img_00398,307,๖,0.9482,ts_img_00398.jpg
./test_dataset/ts_img_00399,217,็,0.7892,ts_img_00399.jpg
./test_dataset/ts_img_00400,310,๙,0.9226,ts_img_00400.jpg
./test_dataset/ts_img_00401,108,ช,0.9293,ts_img_00401.jpg
./test_dataset/ts_img_00402,136,ษ,0.9387,ts_img_00402.jpg
./test_dataset/ts_img_00403,220,๊,0.9406,ts_img_00403.jpg
./test_dataset/ts_img_00404,134,ว,0.641,ts_img_00404.jpg
./test_dataset/ts_img_00405,221,์,0.9603,ts_img_00405.jpg
./test_dataset/ts_img_00406,212,โ,0.9311,ts_img_00406.jpg
./test_dataset/ts_img_00407,306,๕,0.9503,ts_img_00407.jpg
./test_dataset/ts_img_00408,121,น,0.9393,ts_img_00408.jpg
./test_dataset/ts_img_00409,125,ฝ,0.9147,ts_img_00409.jpg
./test_dataset/ts_img_00410,105,ง,0.6009,ts_img_00410.jpg
./test_dataset/ts_img_00411,217,็,0.511,ts_img_00411.jpg
./test_dataset/ts_img_00412,120,ธ,0.9524,ts_img_00412.jpg
./test_dataset/ts_img_00413,102,ข,0.733,ts_img_00413.jpg
./test_dataset/ts_img_00414,207,ื,0.9157,ts_img_00414.jpg
./test_dataset/ts_img_00415,202,ั,0.4354,ts_img_00415.jpg
./test_dataset/ts_img_00416,128,ภ,0.9426,ts_img_00416.jpg
./test_dataset/ts_img_00417,127,ฟ,0.7701,ts_img_00417.jpg
./test_dataset/ts_img_00418,135,ศ,0.9542,ts_img_00418.jpg
./test_dataset/ts_img_00419,139,ฬ,0.9259,ts_img_00419.jpg
./test_dataset/ts_img_00420,132,ฤ,0.52,ts_img_00420.jpg
./test_dataset/ts_img_00421,202,ั,0.9371,ts_img_00421.jpg
./test_dataset/ts_img_00422,123,ป,0.8322,ts_img_00422.jpg
./test_dataset/ts_img_00423,201,ฯ,0.965,ts_img_00423.jpg
./test_dataset/ts_img_00424,214,ไ,0.9444,ts_img_00424.jpg
./test_dataset/ts_img_00425,137,ส,0.957,ts_img_00425.jpg
./test_dataset/ts_img_00426,303,๒,0.957,ts_img_00426.jpg
./test_dataset/ts_img_00427,306,๕,0.9603,ts_img_00427.jpg
./test_dataset/ts_img_00428,124,ผ,0.9609,ts_img_00428.jpg
./test_dataset/ts_img_00429,103,ฃ,0.6846,ts_img_00429.jpg
./test_dataset/ts_img_00430,205,ี,0.8544,ts_img_00430.jpg
./test_dataset/ts_img_00431,310,๙,0.9416,ts_img_00431.jpg
./test_dataset/ts_img_00432,130,ย,0.9373,ts_img_00432.jpg
./test_dataset/ts_img_00433,220,๊,0.8843,ts_img_00433.jpg
./test_dataset/ts_img_00434,140,อ,0.9521,ts_img_00434.jpg
./test_dataset/ts_img_00435,137,ส,0.957,ts_img_00435.jpg
./test_dataset/ts_img_00436,201,ฯ,0.9128,ts_img_00436.jpg
./test_dataset/ts_img_00437,309,๘,0.8359,ts_img_00437.jpg
./test_dataset/ts_img_00438,108,ช,0.9272,ts_img_00438.jpg
./test_dataset/ts_img_00439,219,้,0.8862,ts_img_00439.jpg
./test_dataset/ts_img_00440,135,ศ,0.9414,ts_img_00440.jpg
./test_dataset/ts_img_00441,110,ญ,0.949,ts_img_00441.jpg
./test_dataset/ts_img_00442,113,ฑ,0.8687,ts_img_00442.jpg
./test_dataset/ts_img_00443,307,๖,0.9546,ts_img_00443.jpg
./test_dataset/ts_img_00444,141,ฮ,0.9214,ts_img_00444.jpg
./test_dataset/ts_img_00445,121,น,0.9328,ts_img_00445.jpg
./test_dataset/ts_img_00446,133,ล,0.957,ts_img_00446.jpg
./test_dataset/ts_img_00447,104,ค,0.9493,ts_img_00447.jpg
./test_dataset/ts_img_00448,115,ณ,0.935,ts_img_00448.jpg
./test_dataset/ts_img_00449,136,ษ,0.6415,ts_img_00449.jpg
./test_dataset/ts_img_00450,139,ฬ,0.9565,ts_img_00450.jpg
./test_dataset/ts_img_00451,112,ฐ,0.6819,ts_img_00451.jpg
./test_dataset/ts_img_00452,111,ฏ,0.9577,ts_img_00452.jpg
./test_dataset/ts_img_00453,309,๘,0.8666,ts_img_00453.jpg
./test_dataset/ts_img_00454,138,ห,0.9483,ts_img_00454.jpg
./test_dataset/ts_img_00455,206,ึ,0.9215,ts_img_00455.jpg
./test_dataset/ts_img_00456,114,ฒ,0.9589,ts_img_00456.jpg
./test_dataset/ts_img_00457,218,่,0.9421,ts_img_00457.jpg
./test_dataset/ts_img_00458,201,ฯ,0.9161,ts_img_00458.jpg
./test_dataset/ts_img_00459,129,ม,0.9408,ts_img_00459.jpg
./test_dataset/ts_img_00460,107,ฉ,0.9529,ts_img_00460.jpg
./test_dataset/ts_img_00461,126,พ,0.8495,ts_img_00461.jpg
./test_dataset/ts_img_00462,131,ร,0.9049,ts_img_00462.jpg
./test_dataset/ts_img_00463,304,๓,0.9298,ts_img_00463.jpg
./test_dataset/ts_img_00464,117,ต,0.9355,ts_img_00464.jpg
./test_dataset/ts_img_00465,212,โ,0.9532,ts_img_00465.jpg
./test_dataset/ts_img_00466,111,ฏ,0.9597,ts_img_00466.jpg
./test_dataset/ts_img_00467,116,ด,0.9291,ts_img_00467.jpg
./test_dataset/ts_img_00468,104,ค,0.9493,ts_img_00468.jpg
./test_dataset/ts_img_00469,305,๔,0.9552,ts_img_00469.jpg
./test_dataset/ts_img_00470,134,ว,0.9519,ts_img_00470.jpg
./test_dataset/ts_img_00471,302,๑,0.9587,ts_img_00471.jpg
./test_dataset/ts_img_00472,138,ห,0.9237,ts_img_00472.jpg
./test_dataset/ts_img_00473,218,่,0.6754,ts_img_00473.jpg
./test_dataset/ts_img_00474,212,โ,0.9313,ts_img_00474.jpg
./test_dataset/ts_img_00475,301,๐,0.9362,ts_img_00475.jpg
./test_dataset/ts_img_00476,306,๕,0.9523,ts_img_00476.jpg
./test_dataset/ts_img_00477,119,ท,0.939,ts_img_00477.jpg
./test_dataset/ts_img_00478,132,ฤ,0.7223,ts_img_00478.jpg
./test_dataset/ts_img_00479,106,จ,0.848,ts_img_00479.jpg
./test_dataset/ts_img_00480,211,แ,0.9607,ts_img_00480.jpg
./test_dataset/ts_img_00481,102,ข,0.553,ts_img_00481.jpg
./test_dataset/ts_img_00482,140,อ,0.9509,ts_img_00482.jpg
./test_dataset/ts_img_00483,201,ฯ,0.933,ts_img_00483.jpg
./test_dataset/ts_img_00484,108,ช,0.9142,ts_img_00484.jpg
./test_dataset/ts_img_00485,203,า,0.8963,ts_img_00485.jpg
./test_dataset/ts_img_00486,104,ค,0.9304,ts_img_00486.jpg
./test_dataset/ts_img_00487,303,๒,0.9614,ts_img_00487.jpg
./test_dataset/ts_img_00488,209,ู,0.2945,ts_img_00488.jpg
./test_dataset/ts_img_00489,111,ฏ,0.866,ts_img_00489.jpg
./test_dataset/ts_img_00490,128,ภ,0.9529,ts_img_00490.jpg
./test_dataset/ts_img_00491,111,ฏ,0.3236,ts_img_00491.jpg
./test_dataset/ts_img_00492,106,จ,0.9406,ts_img_00492.jpg
./test_dataset/ts_img_00493,114,ฒ,0.9515,ts_img_00493.jpg
./test_dataset/ts_img_00494,112,ฐ,0.5947,ts_img_00494.jpg
./test_dataset/ts_img_00495,133,ล,0.9237,ts_img_00495.jpg
./test_dataset/ts_img_00496,118,ถ,0.8003,ts_img_00496.jpg
./test_dataset/ts_img_00497,131,ร,0.9369,ts_img_00497.jpg
./test_dataset/ts_img_00498,101,ก,0.9225,ts_img_00498.jpg
./test_dataset/ts_img_00499,140,อ,0.2056,ts_img_00499.jpg
./test_dataset/ts_img_00500,221,์,0.947,ts_img_00500.jpg
