path,predicted_class,predicted_char,answer,confidence,true_class,true_char,correct,model_pred,model_conf,top_3,agree
PrintAksorn_dataset/test/bo_baimai_Aksaramatee-Bold-Italic.png,186,บ,122,0.7763,186,บ,1,186,0.7763,186(บ):0.776 | 217(ู):0.102 | 187(ป):0.036,1
PrintAksorn_dataset/test/bo_baimai_Athiti-Regular.png,186,บ,122,0.8201,186,บ,1,186,0.8201,186(บ):0.820 | 187(ป):0.074 | 217(ู):0.011,1
PrintAksorn_dataset/test/bo_baimai_Chonburi-Regular.png,186,บ,122,0.1739,186,บ,1,186,0.1739,186(บ):0.174 | 217(ู):0.085 | 187(ป):0.084,1
PrintAksorn_dataset/test/bo_baimai_FonLeb-Italic.png,186,บ,122,0.8602,186,บ,1,186,0.8602,186(บ):0.860 | 217(ู):0.028 | 187(ป):0.020,1
PrintAksorn_dataset/test/bo_baimai_FonLeb-Regular.png,186,บ,122,0.8635,186,บ,1,186,0.8635,186(บ):0.864 | 217(ู):0.021 | 162(ข):0.006,1
PrintAksorn_dataset/test/cho_chan_Ayuthaya.png,168,จ,106,0.823,168,จ,1,168,0.823,168(จ):0.823 | 197(ล):0.016 | 169(ฉ):0.010,1
PrintAksorn_dataset/test/cho_chan_FonLeb-Bold-Italic.png,168,จ,106,0.8943,168,จ,1,168,0.8943,168(จ):0.894 | 169(ฉ):0.013 | 197(ล):0.009,1
PrintAksorn_dataset/test/cho_chan_Himmaparnt-Bold.png,205,อ,140,0.6959,168,จ,0,205,0.6959,205(อ):0.696 | 162(ข):0.027 | 168(จ):0.017,1
PrintAksorn_dataset/test/cho_chang_Aksaramatee-Bold.png,170,ช,108,0.927,170,ช,1,170,0.927,170(ช):0.927 | 171(ซ):0.005 | 184(ธ):0.004,1
PrintAksorn_dataset/test/cho_chang_DC-Palamongkol-Bold-Italic.png,170,ช,108,0.9538,170,ช,1,170,0.9538,170(ช):0.954 | 201(ษ):0.006 | 171(ซ):0.004,1
PrintAksorn_dataset/test/cho_chang_Himmaparnt-Italic.png,170,ช,108,0.5924,170,ช,1,170,0.5924,170(ช):0.592 | 206(ฮ):0.179 | 162(ข):0.028,1
PrintAksorn_dataset/test/cho_ching_Aksaramatee-Italic.png,169,ฉ,107,0.9218,169,ฉ,1,169,0.9218,169(ฉ):0.922 | 205(อ):0.003 | 182(ถ):0.002,1
PrintAksorn_dataset/test/cho_ching_DC-Palamongkol-Regular.png,169,ฉ,107,0.9231,169,ฉ,1,169,0.9231,169(ฉ):0.923 | 205(อ):0.003 | 203(ห):0.003,1
PrintAksorn_dataset/test/cho_ching_JS-Jukaphan-Italic.png,169,ฉ,107,0.9351,169,ฉ,1,169,0.9351,169(ฉ):0.935 | 163(ฃ):0.002 | 214(ึ):0.002,1
PrintAksorn_dataset/test/cho_ching_JS-Obsaward-Italic.png,169,ฉ,107,0.9266,169,ฉ,1,169,0.9266,169(ฉ):0.927 | 168(จ):0.003 | 197(ล):0.003,1
PrintAksorn_dataset/test/cho_ching_JS-Pisit-Normal.png,169,ฉ,107,0.9524,169,ฉ,1,169,0.9524,169(ฉ):0.952 | 182(ถ):0.002 | 214(ึ):0.001,1
PrintAksorn_dataset/test/cho_choe_Athiti-Bold.png,172,ฌ,,0.8359,172,ฌ,1,172,0.8359,172(ฌ):0.836 | 179(ณ):0.023 | 178(ฒ):0.015,1
PrintAksorn_dataset/test/cho_choe_Himmaparnt-Bold-Italic.png,172,ฌ,,0.8899,172,ฌ,1,172,0.8899,172(ฌ):0.890 | 166(ฆ):0.003 | 179(ณ):0.003,1
PrintAksorn_dataset/test/cho_choe_Krungthep.png,172,ฌ,,0.8361,172,ฌ,1,172,0.8361,172(ฌ):0.836 | 178(ฒ):0.027 | 179(ณ):0.013,1
PrintAksorn_dataset/test/cho_choe_Pridi-ExtraLight.png,172,ฌ,,0.9125,172,ฌ,1,172,0.9125,172(ฌ):0.912 | 205(อ):0.003 | 166(ฆ):0.003,1
PrintAksorn_dataset/test/cho_choe_Taviraj-Italic.png,172,ฌ,,0.8783,172,ฌ,1,172,0.8783,172(ฌ):0.878 | 166(ฆ):0.003 | 205(อ):0.003,1
PrintAksorn_dataset/test/cho_choe_Taviraj-ThinItalic.png,172,ฌ,,0.8957,172,ฌ,1,172,0.8957,172(ฌ):0.896 | 205(อ):0.003 | 235(๋):0.003,1
PrintAksorn_dataset/test/digit_1_Aksaramatee-Italic.png,205,อ,140,0.6355,241,๑,0,205,0.6355,205(อ):0.635 | 180(ด):0.149 | 209(ั):0.010,1
PrintAksorn_dataset/test/digit_1_Athiti-ExtraLight.png,199,ว,134,0.2997,241,๑,0,199,0.2997,199(ว):0.300 | 205(อ):0.160 | 194(ย):0.073,1
PrintAksorn_dataset/test/digit_1_Athiti-Medium.png,205,อ,140,0.6827,241,๑,0,205,0.6827,205(อ):0.683 | 199(ว):0.056 | 167(ง):0.022,1
PrintAksorn_dataset/test/digit_1_ChulaNarak-Bold-Italic.png,180,ด,116,0.7321,241,๑,0,180,0.7321,180(ด):0.732 | 205(อ):0.050 | 164(ค):0.041,1
PrintAksorn_dataset/test/digit_1_ChulaNarak-Regular.png,180,ด,116,0.8412,241,๑,0,180,0.8412,180(ด):0.841 | 205(อ):0.019 | 164(ค):0.011,1
PrintAksorn_dataset/test/digit_1_CmPrasanmit-Bold.png,180,ด,116,0.5178,241,๑,0,180,0.5178,180(ด):0.518 | 205(อ):0.185 | 164(ค):0.014,1
PrintAksorn_dataset/test/digit_1_FonLeb-Italic.png,205,อ,140,0.735,241,๑,0,205,0.735,205(อ):0.735 | 180(ด):0.076 | 209(ั):0.014,1
PrintAksorn_dataset/test/digit_2_Aksaramatee-Italic.png,178,ฒ,114,0.1452,242,๒,0,178,0.1452,178(ฒ):0.145 | 201(ษ):0.083 | 205(อ):0.076,1
PrintAksorn_dataset/test/digit_2_Athiti-ExtraLight.png,201,ษ,136,0.2517,242,๒,0,201,0.2517,201(ษ):0.252 | 205(อ):0.072 | 165(ฅ):0.048,1
PrintAksorn_dataset/test/digit_2_Athiti-Light.png,201,ษ,136,0.417,242,๒,0,201,0.417,201(ษ):0.417 | 205(อ):0.078 | 165(ฅ):0.032,1
PrintAksorn_dataset/test/digit_2_Ayuthaya.png,201,ษ,136,0.3467,242,๒,0,201,0.3467,201(ษ):0.347 | 178(ฒ):0.066 | 205(อ):0.042,1
PrintAksorn_dataset/test/digit_2_CmPrasanmit-Bold-Italic.png,201,ษ,136,0.2412,242,๒,0,201,0.2412,201(ษ):0.241 | 188(ผ):0.116 | 178(ฒ):0.088,1
PrintAksorn_dataset/test/digit_2_JS-Synjai-Italic.png,201,ษ,136,0.1897,242,๒,0,201,0.1897,201(ษ):0.190 | 178(ฒ):0.105 | 205(อ):0.052,1
PrintAksorn_dataset/test/digit_2_JS-Wanida-Italic.png,201,ษ,136,0.693,242,๒,0,201,0.693,201(ษ):0.693 | 188(ผ):0.016 | 186(บ):0.013,1
PrintAksorn_dataset/test/digit_2_JS-Wansika-Italic.png,172,ฌ,,0.1695,242,๒,0,172,0.1695,172(ฌ):0.169 | 201(ษ):0.130 | 178(ฒ):0.053,1
PrintAksorn_dataset/test/digit_2_JS-Yodthida.png,201,ษ,136,0.6534,242,๒,0,201,0.6534,201(ษ):0.653 | 178(ฒ):0.066 | 172(ฌ):0.023,1
PrintAksorn_dataset/test/digit_2_KaniGa-Bold-Italic.png,178,ฒ,114,0.1011,242,๒,0,178,0.1011,178(ฒ):0.101 | 201(ษ):0.090 | 205(อ):0.073,1
PrintAksorn_dataset/test/digit_2_KaniGa-Bold.png,178,ฒ,114,0.2168,242,๒,0,178,0.2168,178(ฒ):0.217 | 201(ษ):0.094 | 205(อ):0.055,1
PrintAksorn_dataset/test/digit_2_KaniGa-Regular.png,178,ฒ,114,0.1564,242,๒,0,178,0.1564,178(ฒ):0.156 | 201(ษ):0.087 | 205(อ):0.083,1
PrintAksorn_dataset/test/digit_2_Kanit-BoldItalic.png,205,อ,140,0.4498,242,๒,0,205,0.4498,205(อ):0.450 | 201(ษ):0.043 | 178(ฒ):0.035,1
PrintAksorn_dataset/test/digit_2_Kanit-ExtraLight.png,205,อ,140,0.3988,242,๒,0,205,0.3988,205(อ):0.399 | 194(ย):0.037 | 181(ต):0.032,1
PrintAksorn_dataset/test/digit_3_Athiti-Bold.png,181,ต,117,0.4446,243,๓,0,181,0.4446,181(ต):0.445 | 165(ฅ):0.122 | 178(ฒ):0.087,1
PrintAksorn_dataset/test/digit_3_Athiti-Medium.png,165,ฅ,,0.9244,243,๓,0,165,0.9244,165(ฅ):0.924 | 181(ต):0.008 | 164(ค):0.003,1
PrintAksorn_dataset/test/digit_3_Athiti-Regular.png,165,ฅ,,0.9277,243,๓,0,165,0.9277,165(ฅ):0.928 | 181(ต):0.017 | 175(ฏ):0.002,1
PrintAksorn_dataset/test/digit_3_CmPrasanmit-Bold-Italic.png,178,ฒ,114,0.1215,243,๓,0,178,0.1215,178(ฒ):0.121 | 234(๊):0.076 | 165(ฅ):0.069,1
PrintAksorn_dataset/test/digit_3_Himmaparnt-Bold-Italic.png,178,ฒ,114,0.1994,243,๓,0,178,0.1994,178(ฒ):0.199 | 181(ต):0.193 | 234(๊):0.070,1
PrintAksorn_dataset/test/digit_3_Himmaparnt-Bold.png,181,ต,117,0.3177,243,๓,0,181,0.3177,181(ต):0.318 | 234(๊):0.165 | 178(ฒ):0.056,1
PrintAksorn_dataset/test/digit_3_Itim-Regular.png,181,ต,117,0.2262,243,๓,0,181,0.2262,181(ต):0.226 | 234(๊):0.131 | 178(ฒ):0.090,1
PrintAksorn_dataset/test/digit_3_JS-Angsumalin.png,181,ต,117,0.7548,243,๓,0,181,0.7548,181(ต):0.755 | 165(ฅ):0.042 | 178(ฒ):0.014,1
PrintAksorn_dataset/test/digit_3_JS-Chanok-Normal.png,181,ต,117,0.4256,243,๓,0,181,0.4256,181(ต):0.426 | 178(ฒ):0.054 | 165(ฅ):0.049,1
PrintAksorn_dataset/test/digit_3_JS-Charnchai-Normal.png,234,๊,220,0.3425,243,๓,0,234,0.3425,234(๊):0.342 | 178(ฒ):0.145 | 181(ต):0.057,1
PrintAksorn_dataset/test/digit_3_JS-Chulee.png,181,ต,117,0.3052,243,๓,0,181,0.3052,181(ต):0.305 | 179(ณ):0.094 | 165(ฅ):0.078,1
PrintAksorn_dataset/test/digit_3_JS-Giat-Bold.png,181,ต,117,0.3379,243,๓,0,181,0.3379,181(ต):0.338 | 234(๊):0.139 | 182(ถ):0.071,1
PrintAksorn_dataset/test/digit_3_JS-Jindara-Bold.png,181,ต,117,0.8175,243,๓,0,181,0.8175,181(ต):0.818 | 182(ถ):0.014 | 234(๊):0.013,1
PrintAksorn_dataset/test/digit_3_JS-Korakhot-Normal.png,165,ฅ,,0.2206,243,๓,0,165,0.2206,165(ฅ):0.221 | 181(ต):0.163 | 179(ณ):0.052,1
PrintAksorn_dataset/test/digit_3_JS-Pisit-Italic.png,181,ต,117,0.7358,243,๓,0,181,0.7358,181(ต):0.736 | 165(ฅ):0.050 | 234(๊):0.036,1
PrintAksorn_dataset/test/digit_4_Athiti-ExtraLight.png,231,็,217,0.9165,244,๔,0,231,0.9165,231(็):0.917 | 175(ฏ):0.004 | 176(ฐ):0.004,1
PrintAksorn_dataset/test/digit_4_Athiti-SemiBold.png,231,็,217,0.8408,244,๔,0,231,0.8408,231(็):0.841 | 184(ธ):0.006 | 175(ฏ):0.005,1
PrintAksorn_dataset/test/digit_4_Chonburi-Regular.png,231,็,217,0.4911,244,๔,0,231,0.4911,231(็):0.491 | 205(อ):0.052 | 208(ะ):0.045,1
PrintAksorn_dataset/test/digit_4_ChulaNarak-Italic.png,231,็,217,0.9081,244,๔,0,231,0.9081,231(็):0.908 | 236(์):0.011 | 205(อ):0.003,1
PrintAksorn_dataset/test/digit_4_CmPrasanmit-Bold-Italic.png,231,็,217,0.9169,244,๔,0,231,0.9169,231(็):0.917 | 236(์):0.010 | 208(ะ):0.005,1
PrintAksorn_dataset/test/digit_4_CmPrasanmit-Italic.png,231,็,217,0.9476,244,๔,0,231,0.9476,231(็):0.948 | 236(์):0.006 | 184(ธ):0.003,1
PrintAksorn_dataset/test/digit_4_DC-Palamongkol-Bold.png,231,็,217,0.8524,244,๔,0,231,0.8524,231(็):0.852 | 236(์):0.011 | 208(ะ):0.008,1
PrintAksorn_dataset/test/digit_4_DC-Palamongkol-Italic.png,231,็,217,0.9044,244,๔,0,231,0.9044,231(็):0.904 | 236(์):0.012 | 176(ฐ):0.003,1
PrintAksorn_dataset/test/digit_4_FonLeb-Bold-Italic.png,231,็,217,0.9094,244,๔,0,231,0.9094,231(็):0.909 | 236(์):0.008 | 184(ธ):0.004,1
PrintAksorn_dataset/test/digit_4_FonLeb-Italic.png,231,็,217,0.9239,244,๔,0,231,0.9239,231(็):0.924 | 236(์):0.007 | 170(ช):0.003,1
PrintAksorn_dataset/test/digit_5_Aksaramatee-Regular.png,231,็,217,0.2829,245,๕,0,231,0.2829,231(็):0.283 | 206(ฮ):0.069 | 208(ะ):0.056,1
PrintAksorn_dataset/test/digit_5_Athiti-Light.png,231,็,217,0.1448,245,๕,0,231,0.1448,231(็):0.145 | 188(ผ):0.110 | 184(ธ):0.069,1
PrintAksorn_dataset/test/digit_5_Chonburi-Regular.png,206,ฮ,141,0.1531,245,๕,0,206,0.1531,206(ฮ):0.153 | 184(ธ):0.128 | 205(อ):0.050,1
PrintAksorn_dataset/test/digit_5_CmPrasanmit-Regular.png,208,ะ,,0.2401,245,๕,0,208,0.2401,208(ะ):0.240 | 206(ฮ):0.111 | 173(ญ):0.069,1
PrintAksorn_dataset/test/digit_5_FonLeb-Italic.png,231,็,217,0.6362,245,๕,0,231,0.6362,231(็):0.636 | 206(ฮ):0.045 | 208(ะ):0.022,1
PrintAksorn_dataset/test/digit_5_Garuda.png,231,็,217,0.2732,245,๕,0,231,0.2732,231(็):0.273 | 206(ฮ):0.107 | 176(ฐ):0.091,1
PrintAksorn_dataset/test/digit_5_JS-75-Pumpuang.png,205,อ,140,0.3323,245,๕,0,205,0.3323,205(อ):0.332 | 208(ะ):0.214 | 231(็):0.127,1
PrintAksorn_dataset/test/digit_5_JS-Chulee.png,231,็,217,0.2696,245,๕,0,231,0.2696,231(็):0.270 | 202(ส):0.090 | 176(ฐ):0.075,1
PrintAksorn_dataset/test/digit_6_Athiti-Light.png,167,ง,105,0.2144,246,๖,0,167,0.2144,167(ง):0.214 | 173(ญ):0.102 | 186(บ):0.094,1
PrintAksorn_dataset/test/digit_6_Chonburi-Regular.png,184,ธ,120,0.1666,246,๖,0,184,0.1666,184(ธ):0.167 | 208(ะ):0.133 | 205(อ):0.043,1
PrintAksorn_dataset/test/digit_6_Himmaparnt-Bold.png,205,อ,140,0.3996,246,๖,0,205,0.3996,205(อ):0.400 | 206(ฮ):0.055 | 215(ื):0.021,1
PrintAksorn_dataset/test/digit_6_JS-Chanok-Normal.png,205,อ,140,0.0936,246,๖,0,205,0.0936,205(อ):0.094 | 206(ฮ):0.074 | 208(ะ):0.073,1
PrintAksorn_dataset/test/digit_6_JS-Chulee.png,173,ญ,110,0.2613,246,๖,0,173,0.2613,173(ญ):0.261 | 224(เ):0.131 | 236(์):0.049,1
PrintAksorn_dataset/test/digit_6_KaniGa-Italic.png,205,อ,140,0.1939,246,๖,0,205,0.1939,205(อ):0.194 | 206(ฮ):0.073 | 173(ญ):0.050,1
PrintAksorn_dataset/test/digit_6_Kanit-ExtraLightItalic.png,173,ญ,110,0.3088,246,๖,0,173,0.3088,173(ญ):0.309 | 215(ื):0.085 | 213(ี):0.052,1
PrintAksorn_dataset/test/digit_6_Kanit-Regular.png,214,ึ,206,0.1952,246,๖,0,214,0.1952,214(ึ):0.195 | 173(ญ):0.154 | 215(ื):0.080,1
PrintAksorn_dataset/test/digit_7_Athiti-Bold.png,234,๊,220,0.2626,247,๗,0,234,0.2626,234(๊):0.263 | 178(ฒ):0.076 | 163(ฃ):0.061,1
PrintAksorn_dataset/test/digit_7_Chonburi-Regular.png,172,ฌ,,0.3569,247,๗,0,172,0.3569,172(ฌ):0.357 | 179(ณ):0.138 | 178(ฒ):0.064,1
PrintAksorn_dataset/test/digit_7_CmPrasanmit-Bold-Italic.png,234,๊,220,0.9334,247,๗,0,234,0.9334,234(๊):0.933 | 178(ฒ):0.005 | 205(อ):0.002,1
PrintAksorn_dataset/test/digit_7_JS-Oobboon-Normal.png,234,๊,220,0.3717,247,๗,0,234,0.3717,234(๊):0.372 | 179(ณ):0.133 | 163(ฃ):0.108,1
PrintAksorn_dataset/test/digit_7_JS-Prapakorn-Italic.png,234,๊,220,0.9503,247,๗,0,234,0.9503,234(๊):0.950 | 178(ฒ):0.003 | 172(ฌ):0.002,1
PrintAksorn_dataset/test/digit_7_JS-Prapakorn-Normal.png,234,๊,220,0.8672,247,๗,0,234,0.8672,234(๊):0.867 | 178(ฒ):0.016 | 205(อ):0.007,1
PrintAksorn_dataset/test/digit_7_Kanit-BoldItalic.png,178,ฒ,114,0.4302,247,๗,0,178,0.4302,178(ฒ):0.430 | 234(๊):0.245 | 205(อ):0.037,1
PrintAksorn_dataset/test/digit_7_Kanit-ExtraLightItalic.png,234,๊,220,0.3601,247,๗,0,234,0.3601,234(๊):0.360 | 178(ฒ):0.252 | 163(ฃ):0.078,1
PrintAksorn_dataset/test/digit_7_Kanit-Italic.png,234,๊,220,0.4386,247,๗,0,234,0.4386,234(๊):0.439 | 178(ฒ):0.203 | 173(ญ):0.043,1
PrintAksorn_dataset/test/digit_7_Kanit-Medium.png,234,๊,220,0.3811,247,๗,0,234,0.3811,234(๊):0.381 | 178(ฒ):0.155 | 173(ญ):0.040,1
PrintAksorn_dataset/test/digit_7_Kanit-ThinItalic.png,234,๊,220,0.3619,247,๗,0,234,0.3619,234(๊):0.362 | 163(ฃ):0.221 | 178(ฒ):0.122,1
PrintAksorn_dataset/test/digit_7_Kinnari.png,234,๊,220,0.8661,247,๗,0,234,0.8661,234(๊):0.866 | 209(ั):0.003 | 205(อ):0.003,1
PrintAksorn_dataset/test/digit_7_Loma-Bold.png,234,๊,220,0.7886,247,๗,0,234,0.7886,234(๊):0.789 | 178(ฒ):0.034 | 163(ฃ):0.007,1
PrintAksorn_dataset/test/digit_7_NotoSansThai-CondensedExtraBold.png,234,๊,220,0.1822,247,๗,0,234,0.1822,234(๊):0.182 | 163(ฃ):0.181 | 178(ฒ):0.143,1
PrintAksorn_dataset/test/digit_7_NotoSansThai-CondensedMedium.png,234,๊,220,0.5178,247,๗,0,234,0.5178,234(๊):0.518 | 163(ฃ):0.109 | 178(ฒ):0.039,1
PrintAksorn_dataset/test/digit_7_NotoSansThai-ExtraCondensedExtraBold.png,234,๊,220,0.3989,247,๗,0,234,0.3989,234(๊):0.399 | 163(ฃ):0.113 | 178(ฒ):0.047,1
PrintAksorn_dataset/test/digit_7_NotoSansThai-ExtraCondensedThin.png,234,๊,220,0.4669,247,๗,0,234,0.4669,234(๊):0.467 | 163(ฃ):0.142 | 165(ฅ):0.021,1
PrintAksorn_dataset/test/digit_7_NotoSerifThai-CondensedExtraBold.png,234,๊,220,0.3645,247,๗,0,234,0.3645,234(๊):0.364 | 178(ฒ):0.120 | 172(ฌ):0.110,1
PrintAksorn_dataset/test/digit_7_NotoSerifThai-CondensedMedium.png,234,๊,220,0.7009,247,๗,0,234,0.7009,234(๊):0.701 | 178(ฒ):0.027 | 179(ณ):0.026,1
PrintAksorn_dataset/test/digit_7_NotoSerifThai-ExtraCondensedBlack.png,234,๊,220,0.4114,247,๗,0,234,0.4114,234(๊):0.411 | 178(ฒ):0.107 | 173(ญ):0.085,1
PrintAksorn_dataset/test/digit_8_Aksaramatee-Regular.png,231,็,217,0.9269,248,๘,0,231,0.9269,231(็):0.927 | 178(ฒ):0.003 | 236(์):0.002,1
PrintAksorn_dataset/test/digit_8_Athiti-Regular.png,231,็,217,0.8669,248,๘,0,231,0.8669,231(็):0.867 | 236(์):0.005 | 214(ึ):0.005,1
PrintAksorn_dataset/test/digit_8_ChulaNarak-Bold.png,231,็,217,0.8426,248,๘,0,231,0.8426,231(็):0.843 | 236(์):0.013 | 226(โ):0.008,1
PrintAksorn_dataset/test/digit_8_JS-Obsaward-Normal.png,231,็,217,0.914,248,๘,0,231,0.914,231(็):0.914 | 169(ฉ):0.002 | 226(โ):0.002,1
PrintAksorn_dataset/test/digit_8_JS-Prajuk-Italic.png,231,็,217,0.9089,248,๘,0,231,0.9089,231(็):0.909 | 171(ซ):0.011 | 236(์):0.009,1
PrintAksorn_dataset/test/digit_8_Kanit-BlackItalic.png,231,็,217,0.4237,248,๘,0,231,0.4237,231(็):0.424 | 205(อ):0.110 | 184(ธ):0.063,1
PrintAksorn_dataset/test/digit_8_Kanit-LightItalic.png,231,็,217,0.7992,248,๘,0,231,0.7992,231(็):0.799 | 184(ธ):0.026 | 205(อ):0.011,1
PrintAksorn_dataset/test/digit_8_Norasi-BoldItalic.png,231,็,217,0.8572,248,๘,0,231,0.8572,231(็):0.857 | 186(บ):0.004 | 226(โ):0.004,1
PrintAksorn_dataset/test/digit_8_NotoSansThai-Black.png,231,็,217,0.5975,248,๘,0,231,0.5975,231(็):0.598 | 205(อ):0.024 | 175(ฏ):0.016,1
PrintAksorn_dataset/test/digit_8_NotoSansThai-CondensedExtraLight.png,231,็,217,0.8956,248,๘,0,231,0.8956,231(็):0.896 | 184(ธ):0.004 | 226(โ):0.004,1
PrintAksorn_dataset/test/digit_8_NotoSansThai-ExtraLight.png,231,็,217,0.9308,248,๘,0,231,0.9308,231(็):0.931 | 236(์):0.004 | 226(โ):0.002,1
PrintAksorn_dataset/test/digit_8_NotoSansThai-SemiCondensedBold.png,231,็,217,0.783,248,๘,0,231,0.783,231(็):0.783 | 214(ึ):0.008 | 205(อ):0.008,1
PrintAksorn_dataset/test/digit_8_NotoSansThai-SemiCondensedThin.png,231,็,217,0.9315,248,๘,0,231,0.9315,231(็):0.932 | 236(์):0.003 | 176(ฐ):0.002,1
PrintAksorn_dataset/test/digit_9_Athiti-ExtraLight.png,231,็,217,0.4202,249,๙,0,231,0.4202,231(็):0.420 | 200(ศ):0.112 | 236(์):0.062,1
PrintAksorn_dataset/test/digit_9_Chonburi-Regular.png,200,ศ,135,0.165,249,๙,0,200,0.165,200(ศ):0.165 | 179(ณ):0.118 | 172(ฌ):0.074,1
PrintAksorn_dataset/test/digit_9_JS-Jindara-Normal.png,200,ศ,135,0.4625,249,๙,0,200,0.4625,200(ศ):0.463 | 202(ส):0.239 | 231(็):0.071,1
PrintAksorn_dataset/test/digit_9_JS-Korakhot-Normal.png,200,ศ,135,0.652,249,๙,0,200,0.652,200(ศ):0.652 | 231(็):0.183 | 236(์):0.013,1
PrintAksorn_dataset/test/digit_9_Kanit-ExtraLight.png,231,็,217,0.3734,249,๙,0,231,0.3734,231(็):0.373 | 170(ช):0.044 | 181(ต):0.044,1
PrintAksorn_dataset/test/digit_9_Kanit-Medium.png,165,ฅ,,0.1919,249,๙,0,165,0.1919,165(ฅ):0.192 | 234(๊):0.088 | 201(ษ):0.086,1
PrintAksorn_dataset/test/digit_9_Kanit-Regular.png,234,๊,220,0.1777,249,๙,0,234,0.1777,234(๊):0.178 | 165(ฅ):0.101 | 201(ษ):0.075,1
PrintAksorn_dataset/test/digit_9_Mitr-Regular.png,200,ศ,135,0.1828,249,๙,0,200,0.1828,200(ศ):0.183 | 231(็):0.158 | 165(ฅ):0.119,1
PrintAksorn_dataset/test/digit_9_Nakaracha-Italic.png,200,ศ,135,0.5733,249,๙,0,200,0.5733,200(ศ):0.573 | 231(็):0.274 | 202(ส):0.058,1
PrintAksorn_dataset/test/digit_9_Nakaracha-Regular.png,200,ศ,135,0.4206,249,๙,0,200,0.4206,200(ศ):0.421 | 231(็):0.206 | 202(ส):0.069,1
PrintAksorn_dataset/test/digit_9_Norasi-BoldOblique.png,231,็,217,0.5629,249,๙,0,231,0.5629,231(็):0.563 | 202(ส):0.150 | 200(ศ):0.101,1
PrintAksorn_dataset/test/digit_9_Norasi.png,231,็,217,0.5151,249,๙,0,231,0.5151,231(็):0.515 | 202(ส):0.219 | 200(ศ):0.042,1
PrintAksorn_dataset/test/digit_9_NotoSansThai-Black.png,200,ศ,135,0.423,249,๙,0,200,0.423,200(ศ):0.423 | 231(็):0.215 | 165(ฅ):0.026,1
PrintAksorn_dataset/test/digit_9_NotoSansThai-CondensedExtraBold.png,200,ศ,135,0.893,249,๙,0,200,0.893,200(ศ):0.893 | 231(็):0.008 | 164(ค):0.007,1
PrintAksorn_dataset/test/digit_9_NotoSansThai-CondensedMedium.png,200,ศ,135,0.4737,249,๙,0,200,0.4737,200(ศ):0.474 | 202(ส):0.123 | 231(็):0.050,1
PrintAksorn_dataset/test/digit_9_NotoSansThai-ExtraCondensedBlack.png,200,ศ,135,0.7068,249,๙,0,200,0.7068,200(ศ):0.707 | 184(ธ):0.033 | 164(ค):0.022,1
PrintAksorn_dataset/test/do_chada_Aksaramatee-Italic.png,174,ฎ,,0.8593,174,ฎ,1,174,0.8593,174(ฎ):0.859 | 175(ฏ):0.040 | 170(ช):0.003,1
PrintAksorn_dataset/test/do_chada_Maitree-Light.png,174,ฎ,,0.8973,174,ฎ,1,174,0.8973,174(ฎ):0.897 | 175(ฏ):0.053 | 182(ถ):0.002,1
PrintAksorn_dataset/test/do_chada_NotoSansThai-Light.png,174,ฎ,,0.8385,174,ฎ,1,174,0.8385,174(ฎ):0.838 | 175(ฏ):0.021 | 182(ถ):0.011,1
PrintAksorn_dataset/test/do_chada_NotoSansThai-SemiCondensedExtraBold.png,174,ฎ,,0.913,174,ฎ,1,174,0.913,174(ฎ):0.913 | 175(ฏ):0.021 | 182(ถ):0.005,1
PrintAksorn_dataset/test/do_dek_Aksaramatee-Regular.png,180,ด,116,0.9111,180,ด,1,180,0.9111,180(ด):0.911 | 164(ค):0.009 | 203(ห):0.003,1
PrintAksorn_dataset/test/do_dek_JS-Pisit-Normal.png,180,ด,116,0.9425,180,ด,1,180,0.9425,180(ด):0.943 | 164(ค):0.004 | 169(ฉ):0.003,1
PrintAksorn_dataset/test/do_dek_JS-Prasoplarp-Italic.png,180,ด,116,0.9497,180,ด,1,180,0.9497,180(ด):0.950 | 164(ค):0.003 | 178(ฒ):0.001,1
PrintAksorn_dataset/test/do_dek_JS-Pumpuang-Normal.png,164,ค,104,0.1536,180,ด,0,164,0.1536,164(ค):0.154 | 205(อ):0.096 | 180(ด):0.075,1
PrintAksorn_dataset/test/fo_fa_Athiti-ExtraLight.png,188,ผ,124,0.2399,189,ฝ,0,188,0.2399,188(ผ):0.240 | 189(ฝ):0.201 | 172(ฌ):0.061,1
PrintAksorn_dataset/test/fo_fa_Chonburi-Regular.png,188,ผ,124,0.4245,189,ฝ,0,188,0.4245,188(ผ):0.424 | 172(ฌ):0.108 | 189(ฝ):0.091,1
PrintAksorn_dataset/test/fo_fa_JS-Puriphop-Normal.png,189,ฝ,125,0.8125,189,ฝ,1,189,0.8125,189(ฝ):0.812 | 188(ผ):0.056 | 205(อ):0.004,1
PrintAksorn_dataset/test/fo_fa_JS-Saksit-Normal.png,189,ฝ,125,0.8651,189,ฝ,1,189,0.8651,189(ฝ):0.865 | 188(ผ):0.035 | 213(ี):0.004,1
PrintAksorn_dataset/test/fo_fa_JS-Saowapark-Normal.png,189,ฝ,125,0.501,189,ฝ,1,189,0.501,189(ฝ):0.501 | 188(ผ):0.307 | 213(ี):0.007,1
PrintAksorn_dataset/test/fo_fa_Kinnari-Oblique.png,189,ฝ,125,0.9443,189,ฝ,1,189,0.9443,189(ฝ):0.944 | 188(ผ):0.006 | 191(ฟ):0.003,1
PrintAksorn_dataset/test/fo_fan_Athiti-ExtraLight.png,190,พ,126,0.2984,191,ฟ,0,190,0.2984,190(พ):0.298 | 191(ฟ):0.157 | 189(ฝ):0.155,1
PrintAksorn_dataset/test/fo_fan_JS-Chusri-Normal.png,204,ฬ,139,0.5441,191,ฟ,0,204,0.5441,204(ฬ):0.544 | 184(ธ):0.037 | 187(ป):0.035,1
PrintAksorn_dataset/test/fo_fan_KaniGa-Bold.png,191,ฟ,127,0.7783,191,ฟ,1,191,0.7783,191(ฟ):0.778 | 190(พ):0.112 | 189(ฝ):0.009,1
PrintAksorn_dataset/test/fo_fan_Kanit-Black.png,172,ฌ,,0.2017,191,ฟ,0,172,0.2017,172(ฌ):0.202 | 234(๊):0.201 | 190(พ):0.175,1
PrintAksorn_dataset/test/fo_fan_Kanit-ExtraLight.png,190,พ,126,0.8769,191,ฟ,0,190,0.8769,190(พ):0.877 | 191(ฟ):0.034 | 234(๊):0.012,1
PrintAksorn_dataset/test/fo_fan_Kanit-MediumItalic.png,190,พ,126,0.7969,191,ฟ,0,190,0.7969,190(พ):0.797 | 188(ผ):0.053 | 191(ฟ):0.035,1
PrintAksorn_dataset/test/ho_hip_Athiti-SemiBold.png,200,ศ,135,0.1338,203,ห,0,200,0.1338,200(ศ):0.134 | 203(ห):0.105 | 201(ษ):0.090,1
PrintAksorn_dataset/test/ho_hip_Mitr-Regular.png,185,น,121,0.2473,203,ห,0,185,0.2473,185(น):0.247 | 203(ห):0.085 | 179(ณ):0.060,1
PrintAksorn_dataset/test/ho_hip_Norasi.png,203,ห,138,0.6518,203,ห,1,203,0.6518,203(ห):0.652 | 183(ท):0.029 | 204(ฬ):0.024,1
PrintAksorn_dataset/test/ho_nokhuk_Athiti-SemiBold.png,206,ฮ,141,0.6859,206,ฮ,1,206,0.6859,206(ฮ):0.686 | 205(อ):0.079 | 184(ธ):0.023,1
PrintAksorn_dataset/test/ho_nokhuk_Garuda-Oblique.png,206,ฮ,141,0.8661,206,ฮ,1,206,0.8661,206(ฮ):0.866 | 205(อ):0.011 | 184(ธ):0.007,1
PrintAksorn_dataset/test/ho_nokhuk_NotoSansThai-Medium.png,206,ฮ,141,0.629,206,ฮ,1,206,0.629,206(ฮ):0.629 | 205(อ):0.109 | 184(ธ):0.060,1
PrintAksorn_dataset/test/ho_nokhuk_NotoSansThai-Thin.png,206,ฮ,141,0.7901,206,ฮ,1,206,0.7901,206(ฮ):0.790 | 205(อ):0.062 | 184(ธ):0.017,1
PrintAksorn_dataset/test/kho_khai_Athiti-SemiBold.png,186,บ,122,0.1998,162,ข,0,186,0.1998,186(บ):0.200 | 162(ข):0.129 | 205(อ):0.107,1
PrintAksorn_dataset/test/kho_khai_Laksaman.png,162,ข,102,0.8972,162,ข,1,162,0.8972,162(ข):0.897 | 217(ู):0.026 | 186(บ):0.023,1
PrintAksorn_dataset/test/kho_khai_TH-Chakra-Petch-Bold.png,163,ฃ,103,0.7526,162,ข,0,163,0.7526,163(ฃ):0.753 | 162(ข):0.113 | 166(ฆ):0.006,1
PrintAksorn_dataset/test/kho_khai_Trirong-ExtraLightItalic.png,162,ข,102,0.6348,162,ข,1,162,0.6348,162(ข):0.635 | 186(บ):0.129 | 205(อ):0.036,1
PrintAksorn_dataset/test/kho_khwai_Athiti-ExtraLight.png,164,ค,104,0.4396,164,ค,1,164,0.4396,164(ค):0.440 | 161(ก):0.294 | 169(ฉ):0.063,1
PrintAksorn_dataset/test/kho_khwai_JS-Obsaward-Italic.png,164,ค,104,0.8153,164,ค,1,164,0.8153,164(ค):0.815 | 180(ด):0.019 | 168(จ):0.017,1
PrintAksorn_dataset/test/kho_khwai_JS-Yodthida-Italic.png,164,ค,104,0.704,164,ค,1,164,0.704,164(ค):0.704 | 180(ด):0.195 | 169(ฉ):0.006,1
PrintAksorn_dataset/test/kho_rakhang_Athiti-Regular.png,194,ย,130,0.3426,166,ฆ,0,194,0.3426,194(ย):0.343 | 186(บ):0.189 | 188(ผ):0.109,1
PrintAksorn_dataset/test/kho_rakhang_Prompt-BoldItalic.png,188,ผ,124,0.2412,166,ฆ,0,188,0.2412,188(ผ):0.241 | 186(บ):0.173 | 201(ษ):0.057,1
PrintAksorn_dataset/test/kho_rakhang_Prompt-LightItalic.png,186,บ,122,0.4529,166,ฆ,0,186,0.4529,186(บ):0.453 | 194(ย):0.242 | 188(ผ):0.054,1
PrintAksorn_dataset/test/ko_kai_Chonburi-Regular.png,205,อ,140,0.1762,161,ก,0,205,0.1762,205(อ):0.176 | 169(ฉ):0.113 | 164(ค):0.074,1
PrintAksorn_dataset/test/ko_kai_Kanit-MediumItalic.png,161,ก,101,0.5928,161,ก,1,161,0.5928,161(ก):0.593 | 164(ค):0.071 | 182(ถ):0.048,1
PrintAksorn_dataset/test/ko_kai_Kinnari-BoldOblique.png,161,ก,101,0.8618,161,ก,1,161,0.8618,161(ก):0.862 | 164(ค):0.011 | 165(ฅ):0.008,1
PrintAksorn_dataset/test/ko_kai_Loma-Bold.png,161,ก,101,0.9021,161,ก,1,161,0.9021,161(ก):0.902 | 182(ถ):0.017 | 192(ภ):0.009,1
PrintAksorn_dataset/test/lakkhangyao_Aksaramatee-Italic.png,210,า,203,0.9022,229,ๅ,0,210,0.9022,210(า):0.902 | 227(ใ):0.007 | 232(่):0.005,1
PrintAksorn_dataset/test/lakkhangyao_Athiti-ExtraLight.png,210,า,203,0.8369,229,ๅ,0,210,0.8369,210(า):0.837 | 226(โ):0.033 | 216(ุ):0.008,1
PrintAksorn_dataset/test/lakkhangyao_Athiti-Regular.png,210,า,203,0.8751,229,ๅ,0,210,0.8751,210(า):0.875 | 226(โ):0.012 | 227(ใ):0.006,1
PrintAksorn_dataset/test/lakkhangyao_Chonburi-Regular.png,210,า,203,0.2481,229,ๅ,0,210,0.2481,210(า):0.248 | 161(ก):0.068 | 226(โ):0.050,1
PrintAksorn_dataset/test/lakkhangyao_ChulaNarak-Regular.png,210,า,203,0.8902,229,ๅ,0,210,0.8902,210(า):0.890 | 207(ฯ):0.005 | 226(โ):0.004,1
PrintAksorn_dataset/test/lakkhangyao_CmPrasanmit-Italic.png,210,า,203,0.8998,229,ๅ,0,210,0.8998,210(า):0.900 | 232(่):0.005 | 226(โ):0.005,1
PrintAksorn_dataset/test/lo_chula_Athiti-ExtraLight.png,204,ฬ,139,0.3647,204,ฬ,1,204,0.3647,204(ฬ):0.365 | 190(พ):0.106 | 188(ผ):0.099,1
PrintAksorn_dataset/test/lo_chula_JS-Jindara-Bold-Italic.png,204,ฬ,139,0.9153,204,ฬ,1,204,0.9153,204(ฬ):0.915 | 190(พ):0.005 | 191(ฟ):0.003,1
PrintAksorn_dataset/test/lo_chula_JS-Obsaward-Normal.png,169,ฉ,107,0.3687,204,ฬ,0,169,0.3687,169(ฉ):0.369 | 197(ล):0.066 | 204(ฬ):0.063,1
PrintAksorn_dataset/test/lo_ling_Athiti-Medium.png,197,ล,133,0.6393,197,ล,1,197,0.6393,197(ล):0.639 | 182(ถ):0.127 | 192(ภ):0.024,1
PrintAksorn_dataset/test/lo_ling_JS-Padachamai-Normal.png,197,ล,133,0.4073,197,ล,1,197,0.4073,197(ล):0.407 | 205(อ):0.092 | 180(ด):0.089,1
PrintAksorn_dataset/test/lo_ling_JS-Pisit-Normal.png,197,ล,133,0.8975,197,ล,1,197,0.8975,197(ล):0.897 | 180(ด):0.004 | 182(ถ):0.003,1
PrintAksorn_dataset/test/lo_ling_JS-Prapakorn-Italic.png,197,ล,133,0.3533,197,ล,1,197,0.3533,197(ล):0.353 | 205(อ):0.136 | 182(ถ):0.101,1
PrintAksorn_dataset/test/lo_ling_JS-Pudgrong-Normal.png,197,ล,133,0.8891,197,ล,1,197,0.8891,197(ล):0.889 | 202(ส):0.004 | 180(ด):0.003,1
PrintAksorn_dataset/test/mai_chattawa_Aksaramatee-Bold-Italic.png,235,๋,,0.9206,235,๋,1,235,0.9206,235(๋):0.921 | 201(ษ):0.016 | 185(น):0.014,1
PrintAksorn_dataset/test/mai_chattawa_Aksaramatee-Italic.png,235,๋,,0.9108,235,๋,1,235,0.9108,235(๋):0.911 | 232(่):0.003 | 169(ฉ):0.003,1
PrintAksorn_dataset/test/mai_chattawa_Athiti-Bold.png,201,ษ,136,0.495,235,๋,0,201,0.495,201(ษ):0.495 | 235(๋):0.107 | 185(น):0.068,1
PrintAksorn_dataset/test/mai_chattawa_Athiti-Medium.png,235,๋,,0.9113,235,๋,1,235,0.9113,235(๋):0.911 | 201(ษ):0.009 | 185(น):0.004,1
PrintAksorn_dataset/test/mai_chattawa_Ayuthaya.png,235,๋,,0.467,235,๋,1,235,0.467,235(๋):0.467 | 201(ษ):0.394 | 185(น):0.012,1
PrintAksorn_dataset/test/mai_chattawa_ChulaNarak-Bold.png,235,๋,,0.8937,235,๋,1,235,0.8937,235(๋):0.894 | 201(ษ):0.004 | 185(น):0.003,1
PrintAksorn_dataset/test/mai_chattawa_ChulaNarak-Regular.png,235,๋,,0.9128,235,๋,1,235,0.9128,235(๋):0.913 | 232(่):0.002 | 201(ษ):0.002,1
PrintAksorn_dataset/test/mai_chattawa_CmPrasanmit-Italic.png,235,๋,,0.943,235,๋,1,235,0.943,235(๋):0.943 | 185(น):0.006 | 169(ฉ):0.002,1
PrintAksorn_dataset/test/mai_chattawa_DC-Palamongkol-Italic.png,235,๋,,0.8885,235,๋,1,235,0.8885,235(๋):0.889 | 224(เ):0.003 | 171(ซ):0.003,1
PrintAksorn_dataset/test/mai_chattawa_FonLeb-Italic.png,235,๋,,0.9359,235,๋,1,235,0.9359,235(๋):0.936 | 232(่):0.002 | 194(ย):0.001,1
PrintAksorn_dataset/test/mai_chattawa_Garuda-Bold.png,201,ษ,136,0.7087,235,๋,0,201,0.7087,201(ษ):0.709 | 235(๋):0.187 | 185(น):0.008,1
PrintAksorn_dataset/test/mai_chattawa_Garuda-Oblique.png,235,๋,,0.8035,235,๋,1,235,0.8035,235(๋):0.803 | 185(น):0.054 | 201(ษ):0.050,1
PrintAksorn_dataset/test/mai_chattawa_Garuda.png,235,๋,,0.9229,235,๋,1,235,0.9229,235(๋):0.923 | 201(ษ):0.017 | 185(น):0.007,1
PrintAksorn_dataset/test/mai_chattawa_Himmaparnt-Bold-Italic.png,235,๋,,0.9049,235,๋,1,235,0.9049,235(๋):0.905 | 201(ษ):0.007 | 185(น):0.007,1
PrintAksorn_dataset/test/mai_chattawa_NotoSansThai-CondensedSemiBold.png,235,๋,,0.357,235,๋,1,235,0.357,235(๋):0.357 | 201(ษ):0.272 | 185(น):0.057,1
PrintAksorn_dataset/test/mai_chattawa_NotoSansThai-Regular.png,235,๋,,0.727,235,๋,1,235,0.727,235(๋):0.727 | 201(ษ):0.134 | 185(น):0.024,1
PrintAksorn_dataset/test/mai_chattawa_PSK-Smart-Bold.png,235,๋,,0.3987,235,๋,1,235,0.3987,235(๋):0.399 | 201(ษ):0.315 | 185(น):0.044,1
PrintAksorn_dataset/test/mai_chattawa_Sarabun-ExtraLight.png,235,๋,,0.9183,235,๋,1,235,0.9183,235(๋):0.918 | 232(่):0.002 | 201(ษ):0.002,1
PrintAksorn_dataset/test/mai_chattawa_TH-Sarabun-New-Regular.png,235,๋,,0.916,235,๋,1,235,0.916,235(๋):0.916 | 232(่):0.003 | 204(ฬ):0.002,1
PrintAksorn_dataset/test/mai_chattawa_TlwgTypewriter-Bold.png,235,๋,,0.4306,235,๋,1,235,0.4306,235(๋):0.431 | 201(ษ):0.422 | 185(น):0.026,1
PrintAksorn_dataset/test/mai_chattawa_Trirong-ExtraLight.png,235,๋,,0.929,235,๋,1,235,0.929,235(๋):0.929 | 232(่):0.003 | 169(ฉ):0.002,1
PrintAksorn_dataset/test/mai_chattawa_Trirong-SemiBold.png,235,๋,,0.6894,235,๋,1,235,0.6894,235(๋):0.689 | 201(ษ):0.185 | 185(น):0.008,1
PrintAksorn_dataset/test/mai_ek_Aksaramatee-Bold.png,232,่,218,0.2306,232,่,1,232,0.2306,232(่):0.231 | 217(ู):0.073 | 184(ธ):0.066,1
PrintAksorn_dataset/test/mai_ek_Maitree-Bold.png,205,อ,140,0.1391,232,่,0,205,0.1391,205(อ):0.139 | 232(่):0.122 | 184(ธ):0.074,1
PrintAksorn_dataset/test/mai_ek_Mitr-ExtraLight.png,232,่,218,0.9145,232,่,1,232,0.9145,232(่):0.914 | 217(ู):0.007 | 184(ธ):0.004,1
PrintAksorn_dataset/test/mai_ek_NotoSansThaiUI-Regular.png,232,่,218,0.2615,232,่,1,232,0.2615,232(่):0.262 | 224(เ):0.048 | 217(ู):0.046,1
PrintAksorn_dataset/test/mai_ek_NotoSerifThai-CondensedBlack.png,232,่,218,0.1665,232,่,1,232,0.1665,232(่):0.167 | 224(เ):0.166 | 217(ู):0.058,1
PrintAksorn_dataset/test/mai_ek_NotoSerifThai-CondensedExtraBold.png,232,่,218,0.2324,232,่,1,232,0.2324,232(่):0.232 | 224(เ):0.136 | 184(ธ):0.058,1
PrintAksorn_dataset/test/mai_ek_NotoSerifThai-CondensedThin.png,232,่,218,0.9141,232,่,1,232,0.9141,232(่):0.914 | 210(า):0.004 | 217(ู):0.003,1
PrintAksorn_dataset/test/mai_ek_NotoSerifThai-ExtraBold.png,224,เ,210,0.165,232,่,0,224,0.165,224(เ):0.165 | 217(ู):0.080 | 205(อ):0.073,1
PrintAksorn_dataset/test/mai_ek_NotoSerifThai-ExtraCondensedLight.png,232,่,218,0.899,232,่,1,232,0.899,232(่):0.899 | 210(า):0.005 | 217(ู):0.005,1
PrintAksorn_dataset/test/mai_ek_Taviraj-Bold.png,205,อ,140,0.1025,232,่,0,205,0.1025,205(อ):0.102 | 224(เ):0.075 | 169(ฉ):0.061,1
PrintAksorn_dataset/test/mai_ek_Taviraj-LightItalic.png,232,่,218,0.5949,232,่,1,232,0.5949,232(่):0.595 | 184(ธ):0.036 | 224(เ):0.033,1
PrintAksorn_dataset/test/mai_ek_TlwgTypewriter.png,232,่,218,0.6996,232,่,1,232,0.6996,232(่):0.700 | 224(เ):0.023 | 235(๋):0.019,1
PrintAksorn_dataset/test/mai_ek_TlwgTypist.png,232,่,218,0.6286,232,่,1,232,0.6286,232(่):0.629 | 224(เ):0.027 | 217(ู):0.026,1
PrintAksorn_dataset/test/mai_ek_Trirong-BlackItalic.png,205,อ,140,0.1173,232,่,0,205,0.1173,205(อ):0.117 | 163(ฃ):0.062 | 224(เ):0.054,1
PrintAksorn_dataset/test/mai_ek_Trirong-ExtraBoldItalic.png,205,อ,140,0.1334,232,่,0,205,0.1334,205(อ):0.133 | 163(ฃ):0.061 | 217(ู):0.055,1
PrintAksorn_dataset/test/mai_ek_Trirong-ExtraLightItalic.png,232,่,218,0.8974,232,่,1,232,0.8974,232(่):0.897 | 217(ู):0.007 | 162(ข):0.004,1
PrintAksorn_dataset/test/mai_ek_Trirong-MediumItalic.png,184,ธ,120,0.1425,232,่,0,184,0.1425,184(ธ):0.143 | 232(่):0.085 | 217(ู):0.073,1
PrintAksorn_dataset/test/mai_ek_Trirong-SemiBoldItalic.png,184,ธ,120,0.0869,232,่,0,184,0.0869,184(ธ):0.087 | 224(เ):0.083 | 169(ฉ):0.064,1
PrintAksorn_dataset/test/mai_tho_Aksaramatee-Bold.png,233,้,219,0.7594,233,้,1,233,0.7594,233(้):0.759 | 209(ั):0.109 | 235(๋):0.022,1
PrintAksorn_dataset/test/mai_tho_Athiti-Light.png,233,้,219,0.8648,233,้,1,233,0.8648,233(้):0.865 | 186(บ):0.016 | 209(ั):0.011,1
PrintAksorn_dataset/test/mai_tho_Ayuthaya.png,233,้,219,0.9091,233,้,1,233,0.9091,233(้):0.909 | 209(ั):0.008 | 193(ม):0.003,1
PrintAksorn_dataset/test/mai_tho_CmPrasanmit-Italic.png,233,้,219,0.6523,233,้,1,233,0.6523,233(้):0.652 | 209(ั):0.214 | 208(ะ):0.011,1
PrintAksorn_dataset/test/mai_tho_Laksaman.png,233,้,219,0.9661,233,้,1,233,0.9661,233(้):0.966 | 209(ั):0.005 | 186(บ):0.001,1
PrintAksorn_dataset/test/mai_tho_Loma-Oblique.png,233,้,219,0.9535,233,้,1,233,0.9535,233(้):0.954 | 209(ั):0.011 | 193(ม):0.001,1
PrintAksorn_dataset/test/mai_tho_Maitree-ExtraLight.png,233,้,219,0.9464,233,้,1,233,0.9464,233(้):0.946 | 217(ู):0.003 | 209(ั):0.003,1
PrintAksorn_dataset/test/mai_tho_Nakaracha-Bold-Italic.png,209,ั,202,0.5938,233,้,0,209,0.5938,209(ั):0.594 | 233(้):0.316 | 208(ะ):0.004,1
PrintAksorn_dataset/test/mai_tho_NotoSansThai-SemiCondensed.png,233,้,219,0.9199,233,้,1,233,0.9199,233(้):0.920 | 186(บ):0.013 | 193(ม):0.010,1
PrintAksorn_dataset/test/mai_tho_NotoSansThai-SemiCondensedMedium.png,233,้,219,0.4085,233,้,1,233,0.4085,233(้):0.408 | 186(บ):0.155 | 187(ป):0.064,1
PrintAksorn_dataset/test/mai_tho_NotoSansThaiLooped-Black.png,233,้,219,0.7224,233,้,1,233,0.7224,233(้):0.722 | 209(ั):0.088 | 193(ม):0.017,1
PrintAksorn_dataset/test/mai_tho_NotoSansThaiLooped-Medium.png,233,้,219,0.7725,233,้,1,233,0.7725,233(้):0.773 | 209(ั):0.097 | 193(ม):0.017,1
PrintAksorn_dataset/test/mai_tho_NotoSansThaiUI-Regular.png,233,้,219,0.813,233,้,1,233,0.813,233(้):0.813 | 186(บ):0.033 | 193(ม):0.024,1
PrintAksorn_dataset/test/mai_tho_Taviraj-Black.png,233,้,219,0.4934,233,้,1,233,0.4934,233(้):0.493 | 209(ั):0.258 | 214(ึ):0.026,1
PrintAksorn_dataset/test/mai_tho_Taviraj-ExtraBoldItalic.png,233,้,219,0.5036,233,้,1,233,0.5036,233(้):0.504 | 209(ั):0.397 | 208(ะ):0.005,1
PrintAksorn_dataset/test/mai_tho_Taviraj-Light.png,233,้,219,0.8844,233,้,1,233,0.8844,233(้):0.884 | 209(ั):0.058 | 193(ม):0.006,1
PrintAksorn_dataset/test/mai_tho_TlwgTypewriter-Oblique.png,209,ั,202,0.5963,233,้,0,209,0.5963,209(ั):0.596 | 233(้):0.312 | 206(ฮ):0.008,1
PrintAksorn_dataset/test/mai_tho_TlwgTypewriter.png,209,ั,202,0.5243,233,้,0,209,0.5243,209(ั):0.524 | 233(้):0.329 | 206(ฮ):0.015,1
PrintAksorn_dataset/test/mai_tho_TlwgTypist-Bold.png,209,ั,202,0.8015,233,้,0,209,0.8015,209(ั):0.801 | 233(้):0.051 | 205(อ):0.008,1
PrintAksorn_dataset/test/mai_tho_TlwgTypist.png,233,้,219,0.7998,233,้,1,233,0.7998,233(้):0.800 | 209(ั):0.128 | 208(ะ):0.004,1
PrintAksorn_dataset/test/mai_tho_Trirong-ExtraBold.png,233,้,219,0.7892,233,้,1,233,0.7892,233(้):0.789 | 209(ั):0.074 | 193(ม):0.015,1
PrintAksorn_dataset/test/mai_tho_Trirong-Light.png,233,้,219,0.8457,233,้,1,233,0.8457,233(้):0.846 | 209(ั):0.062 | 193(ม):0.011,1
PrintAksorn_dataset/test/mai_tho_Trirong-Thin.png,233,้,219,0.8731,233,้,1,233,0.8731,233(้):0.873 | 209(ั):0.028 | 193(ม):0.014,1
PrintAksorn_dataset/test/mai_tho_Umpush-Bold.png,233,้,219,0.787,233,้,1,233,0.787,233(้):0.787 | 209(ั):0.137 | 208(ะ):0.005,1
PrintAksorn_dataset/test/mai_tho_Umpush-Light.png,233,้,219,0.9389,233,้,1,233,0.9389,233(้):0.939 | 209(ั):0.022 | 217(ู):0.003,1
PrintAksorn_dataset/test/mai_tho_Waree-BoldOblique.png,233,้,219,0.6853,233,้,1,233,0.6853,233(้):0.685 | 209(ั):0.179 | 206(ฮ):0.007,1
PrintAksorn_dataset/test/mai_tho_Waree.png,233,้,219,0.8371,233,้,1,233,0.8371,233(้):0.837 | 209(ั):0.075 | 206(ฮ):0.005,1
PrintAksorn_dataset/test/mai_tri_Athiti-ExtraLight.png,234,๊,220,0.2907,234,๊,1,234,0.2907,234(๊):0.291 | 181(ต):0.092 | 177(ฑ):0.087,1
PrintAksorn_dataset/test/mai_tri_JS-Padachamai-Normal.png,234,๊,220,0.7388,234,๊,1,234,0.7388,234(๊):0.739 | 178(ฒ):0.139 | 214(ึ):0.010,1
PrintAksorn_dataset/test/mai_tri_JS-Pisit-Italic.png,234,๊,220,0.8458,234,๊,1,234,0.8458,234(๊):0.846 | 178(ฒ):0.048 | 173(ญ):0.014,1
PrintAksorn_dataset/test/mai_tri_JS-Pitsanu.png,234,๊,220,0.8532,234,๊,1,234,0.8532,234(๊):0.853 | 178(ฒ):0.035 | 166(ฆ):0.007,1
PrintAksorn_dataset/test/mai_tri_JS-Pranee-Italic.png,234,๊,220,0.9306,234,๊,1,234,0.9306,234(๊):0.931 | 178(ฒ):0.013 | 214(ึ):0.004,1
PrintAksorn_dataset/test/mai_tri_JS-Puriphop-Normal.png,234,๊,220,0.9341,234,๊,1,234,0.9341,234(๊):0.934 | 178(ฒ):0.006 | 205(อ):0.002,1
PrintAksorn_dataset/test/mai_tri_NotoSansThai-ExtraBold.png,178,ฒ,114,0.2785,234,๊,0,178,0.2785,178(ฒ):0.278 | 214(ึ):0.192 | 201(ษ):0.135,1
PrintAksorn_dataset/test/mai_tri_NotoSansThai-ExtraCondensedLight.png,178,ฒ,114,0.3367,234,๊,0,178,0.3367,178(ฒ):0.337 | 234(๊):0.332 | 181(ต):0.047,1
PrintAksorn_dataset/test/mai_tri_NotoSansThai-Medium.png,178,ฒ,114,0.6377,234,๊,0,178,0.6377,178(ฒ):0.638 | 234(๊):0.057 | 214(ึ):0.043,1
PrintAksorn_dataset/test/mai_tri_NotoSansThai-Regular.png,178,ฒ,114,0.5651,234,๊,0,178,0.5651,178(ฒ):0.565 | 234(๊):0.099 | 214(ึ):0.050,1
PrintAksorn_dataset/test/mai_tri_NotoSansThai-SemiCondensedExtraBold.png,178,ฒ,114,0.2937,234,๊,0,178,0.2937,178(ฒ):0.294 | 214(ึ):0.162 | 201(ษ):0.093,1
PrintAksorn_dataset/test/mai_tri_NotoSansThai-SemiCondensedSemiBold.png,178,ฒ,114,0.4887,234,๊,0,178,0.4887,178(ฒ):0.489 | 234(๊):0.123 | 214(ึ):0.051,1
PrintAksorn_dataset/test/mai_tri_Sawasdee-Oblique.png,171,ซ,109,0.3585,234,๊,0,171,0.3585,171(ซ):0.358 | 234(๊):0.126 | 179(ณ):0.083,1
PrintAksorn_dataset/test/mai_tri_TH-Baijam-Regular.png,234,๊,220,0.8956,234,๊,1,234,0.8956,234(๊):0.896 | 178(ฒ):0.009 | 215(ื):0.004,1
PrintAksorn_dataset/test/mai_tri_Taviraj-ExtraBold.png,234,๊,220,0.5726,234,๊,1,234,0.5726,234(๊):0.573 | 178(ฒ):0.292 | 166(ฆ):0.006,1
PrintAksorn_dataset/test/mai_tri_Taviraj-Italic.png,234,๊,220,0.8647,234,๊,1,234,0.8647,234(๊):0.865 | 178(ฒ):0.022 | 173(ญ):0.010,1
PrintAksorn_dataset/test/mai_tri_Taviraj-SemiBold.png,234,๊,220,0.6555,234,๊,1,234,0.6555,234(๊):0.656 | 178(ฒ):0.179 | 201(ษ):0.007,1
PrintAksorn_dataset/test/mai_tri_Taviraj-SemiBoldItalic.png,234,๊,220,0.8091,234,๊,1,234,0.8091,234(๊):0.809 | 178(ฒ):0.087 | 215(ื):0.007,1
PrintAksorn_dataset/test/mai_tri_Trirong-Black.png,178,ฒ,114,0.7504,234,๊,0,178,0.7504,178(ฒ):0.750 | 234(๊):0.137 | 201(ษ):0.005,1
PrintAksorn_dataset/test/mai_tri_Trirong-ExtraBoldItalic.png,234,๊,220,0.6281,234,๊,1,234,0.6281,234(๊):0.628 | 178(ฒ):0.251 | 173(ญ):0.006,1
PrintAksorn_dataset/test/mai_tri_Trirong-LightItalic.png,234,๊,220,0.8435,234,๊,1,234,0.8435,234(๊):0.844 | 178(ฒ):0.053 | 173(ญ):0.010,1
PrintAksorn_dataset/test/mai_tri_Trirong-Regular.png,234,๊,220,0.7598,234,๊,1,234,0.7598,234(๊):0.760 | 178(ฒ):0.086 | 173(ญ):0.006,1
PrintAksorn_dataset/test/mai_tri_Trirong-SemiBold.png,234,๊,220,0.6929,234,๊,1,234,0.6929,234(๊):0.693 | 178(ฒ):0.138 | 205(อ):0.006,1
PrintAksorn_dataset/test/mai_tri_Umpush-LightOblique.png,234,๊,220,0.9533,234,๊,1,234,0.9533,234(๊):0.953 | 178(ฒ):0.010 | 173(ญ):0.002,1
PrintAksorn_dataset/test/mai_tri_Waree-Bold.png,234,๊,220,0.8421,234,๊,1,234,0.8421,234(๊):0.842 | 178(ฒ):0.043 | 173(ญ):0.007,1
PrintAksorn_dataset/test/maihan-akat_Aksaramatee-Italic.png,209,ั,202,0.9057,209,ั,1,209,0.9057,209(ั):0.906 | 208(ะ):0.005 | 205(อ):0.003,1
PrintAksorn_dataset/test/maihan-akat_Athiti-Regular.png,209,ั,202,0.6234,209,ั,1,209,0.6234,209(ั):0.623 | 235(๋):0.065 | 186(บ):0.042,1
PrintAksorn_dataset/test/maihan-akat_ChulaNarak-Bold.png,209,ั,202,0.9172,209,ั,1,209,0.9172,209(ั):0.917 | 208(ะ):0.005 | 205(อ):0.004,1
PrintAksorn_dataset/test/maihan-akat_CmPrasanmit-Bold-Italic.png,209,ั,202,0.92,209,ั,1,209,0.92,209(ั):0.920 | 208(ะ):0.004 | 233(้):0.004,1
PrintAksorn_dataset/test/maihan-akat_DC-Palamongkol-Bold.png,209,ั,202,0.8696,209,ั,1,209,0.8696,209(ั):0.870 | 208(ะ):0.008 | 214(ึ):0.006,1
PrintAksorn_dataset/test/maihan-akat_DC-Palamongkol-Italic.png,209,ั,202,0.8988,209,ั,1,209,0.8988,209(ั):0.899 | 208(ะ):0.008 | 205(อ):0.005,1
PrintAksorn_dataset/test/maihan-akat_FonLeb-Bold.png,209,ั,202,0.9367,209,ั,1,209,0.9367,209(ั):0.937 | 233(้):0.004 | 208(ะ):0.002,1
PrintAksorn_dataset/test/maihan-akat_FonLeb-Italic.png,209,ั,202,0.8991,209,ั,1,209,0.8991,209(ั):0.899 | 233(้):0.003 | 208(ะ):0.003,1
PrintAksorn_dataset/test/maihan-akat_Garuda-Bold.png,209,ั,202,0.9064,209,ั,1,209,0.9064,209(ั):0.906 | 208(ะ):0.005 | 207(ฯ):0.005,1
PrintAksorn_dataset/test/maihan-akat_Himmaparnt-Italic.png,209,ั,202,0.9246,209,ั,1,209,0.9246,209(ั):0.925 | 208(ะ):0.003 | 233(้):0.002,1
PrintAksorn_dataset/test/maitaikhu_Aksaramatee-Italic.png,231,็,217,0.9136,231,็,1,231,0.9136,231(็):0.914 | 236(์):0.005 | 226(โ):0.004,1
PrintAksorn_dataset/test/maitaikhu_Athiti-Medium.png,231,็,217,0.7799,231,็,1,231,0.7799,231(็):0.780 | 212(ิ):0.032 | 214(ึ):0.023,1
PrintAksorn_dataset/test/maitaikhu_ChulaNarak-Regular.png,231,็,217,0.8795,231,็,1,231,0.8795,231(็):0.879 | 236(์):0.010 | 226(โ):0.005,1
PrintAksorn_dataset/test/maitaikhu_JS-Arisa.png,231,็,217,0.9204,231,็,1,231,0.9204,231(็):0.920 | 236(์):0.005 | 214(ึ):0.003,1
PrintAksorn_dataset/test/maitaikhu_JS-Chusri-Normal.png,231,็,217,0.3557,231,็,1,231,0.3557,231(็):0.356 | 214(ึ):0.150 | 212(ิ):0.071,1
PrintAksorn_dataset/test/maitaikhu_JS-Jindara-Bold-Italic.png,231,็,217,0.8052,231,็,1,231,0.8052,231(็):0.805 | 214(ึ):0.025 | 236(์):0.006,1
PrintAksorn_dataset/test/maitaikhu_JS-Junkaew.png,231,็,217,0.8683,231,็,1,231,0.8683,231(็):0.868 | 236(์):0.011 | 184(ธ):0.007,1
PrintAksorn_dataset/test/maitaikhu_Kanit-MediumItalic.png,231,็,217,0.6393,231,็,1,231,0.6393,231(็):0.639 | 212(ิ):0.192 | 184(ธ):0.018,1
PrintAksorn_dataset/test/maitaikhu_Kanit-Regular.png,231,็,217,0.5163,231,็,1,231,0.5163,231(็):0.516 | 212(ิ):0.261 | 184(ธ):0.023,1
PrintAksorn_dataset/test/maitaikhu_Kanit-SemiBold.png,212,ิ,204,0.3334,231,็,0,212,0.3334,212(ิ):0.333 | 231(็):0.325 | 205(อ):0.055,1
PrintAksorn_dataset/test/maitaikhu_Kanit-Thin.png,231,็,217,0.771,231,็,1,231,0.771,231(็):0.771 | 212(ิ):0.053 | 184(ธ):0.015,1
PrintAksorn_dataset/test/maitaikhu_Kanit-ThinItalic.png,231,็,217,0.6084,231,็,1,231,0.6084,231(็):0.608 | 212(ิ):0.176 | 226(โ):0.024,1
PrintAksorn_dataset/test/maitaikhu_Kinnari-BoldItalic.png,231,็,217,0.8664,231,็,1,231,0.8664,231(็):0.866 | 214(ึ):0.004 | 236(์):0.004,1
PrintAksorn_dataset/test/maitaikhu_Kinnari.png,231,็,217,0.9133,231,็,1,231,0.9133,231(็):0.913 | 214(ึ):0.005 | 236(์):0.003,1
PrintAksorn_dataset/test/maitaikhu_Laksaman-BoldItalic.png,231,็,217,0.8832,231,็,1,231,0.8832,231(็):0.883 | 214(ึ):0.004 | 236(์):0.004,1
PrintAksorn_dataset/test/maitaikhu_Loma-BoldOblique.png,231,็,217,0.8823,231,็,1,231,0.8823,231(็):0.882 | 214(ึ):0.008 | 200(ศ):0.004,1
PrintAksorn_dataset/test/maitaikhu_Maitree-Medium.png,231,็,217,0.6486,231,็,1,231,0.6486,231(็):0.649 | 214(ึ):0.162 | 212(ิ):0.030,1
PrintAksorn_dataset/test/mo_ma_Athiti-Medium.png,186,บ,122,0.7784,193,ม,0,186,0.7784,186(บ):0.778 | 187(ป):0.107 | 217(ู):0.012,1
PrintAksorn_dataset/test/mo_ma_JS-Prasoplarp-Italic.png,193,ม,129,0.8893,193,ม,1,193,0.8893,193(ม):0.889 | 192(ภ):0.006 | 198(ฦ):0.003,1
PrintAksorn_dataset/test/mo_ma_JS-Puchong-Normal.png,186,บ,122,0.5351,193,ม,0,186,0.5351,186(บ):0.535 | 188(ผ):0.066 | 193(ม):0.064,1
PrintAksorn_dataset/test/mo_ma_JS-Rapee-Bold.png,193,ม,129,0.868,193,ม,1,193,0.868,193(ม):0.868 | 192(ภ):0.005 | 179(ณ):0.005,1
PrintAksorn_dataset/test/ngo_ngu_CmPrasanmit-Bold.png,167,ง,105,0.966,167,ง,1,167,0.966,167(ง):0.966 | 194(ย):0.001 | 168(จ):0.001,1
PrintAksorn_dataset/test/ngo_ngu_KaniGa-Bold-Italic.png,167,ง,105,0.9804,167,ง,1,167,0.9804,167(ง):0.980 | 168(จ):0.001 | 162(ข):0.000,1
PrintAksorn_dataset/test/ngo_ngu_Kanit-Black.png,205,อ,140,0.3628,167,ง,0,205,0.3628,205(อ):0.363 | 169(ฉ):0.115 | 172(ฌ):0.102,1
PrintAksorn_dataset/test/ngo_ngu_Kanit-ExtraLightItalic.png,186,บ,122,0.4692,167,ง,0,186,0.4692,186(บ):0.469 | 167(ง):0.087 | 233(้):0.079,1
PrintAksorn_dataset/test/ngo_ngu_Kanit-Light.png,186,บ,122,0.4237,167,ง,0,186,0.4237,186(บ):0.424 | 167(ง):0.159 | 217(ู):0.035,1
PrintAksorn_dataset/test/ngo_ngu_Kanit-SemiBoldItalic.png,205,อ,140,0.3806,167,ง,0,205,0.3806,205(อ):0.381 | 169(ฉ):0.079 | 184(ธ):0.040,1
PrintAksorn_dataset/test/ngo_ngu_Kinnari-Italic.png,167,ง,105,0.9376,167,ง,1,167,0.9376,167(ง):0.938 | 168(จ):0.011 | 216(ุ):0.003,1
PrintAksorn_dataset/test/no_nen_Athiti-Light.png,179,ณ,115,0.5612,179,ณ,1,179,0.5612,179(ณ):0.561 | 172(ฌ):0.200 | 161(ก):0.035,1
PrintAksorn_dataset/test/no_nen_Chonburi-Regular.png,179,ณ,115,0.6182,179,ณ,1,179,0.6182,179(ณ):0.618 | 172(ฌ):0.079 | 178(ฒ):0.037,1
PrintAksorn_dataset/test/no_nen_DC-Palamongkol-Bold-Italic.png,179,ณ,115,0.8085,179,ณ,1,179,0.8085,179(ณ):0.809 | 173(ญ):0.008 | 172(ฌ):0.008,1
PrintAksorn_dataset/test/no_nen_FonLeb-Regular.png,179,ณ,115,0.7872,179,ณ,1,179,0.7872,179(ณ):0.787 | 173(ญ):0.021 | 172(ฌ):0.021,1
PrintAksorn_dataset/test/no_nen_JS-Korakhot-Normal.png,179,ณ,115,0.9024,179,ณ,1,179,0.9024,179(ณ):0.902 | 207(ฯ):0.002 | 165(ฅ):0.002,1
PrintAksorn_dataset/test/no_nen_JS-Padachamai-Normal.png,179,ณ,115,0.8969,179,ณ,1,179,0.8969,179(ณ):0.897 | 172(ฌ):0.003 | 207(ฯ):0.003,1
PrintAksorn_dataset/test/no_nen_JS-Prapakorn-Normal.png,172,ฌ,,0.4232,179,ณ,0,172,0.4232,172(ฌ):0.423 | 179(ณ):0.264 | 173(ญ):0.036,1
PrintAksorn_dataset/test/no_nen_JS-Sadayu-Allcaps.png,179,ณ,115,0.7641,179,ณ,1,179,0.7641,179(ณ):0.764 | 173(ญ):0.012 | 231(็):0.009,1
PrintAksorn_dataset/test/no_nu_Athiti-Bold.png,188,ผ,124,0.1695,185,น,0,188,0.1695,188(ผ):0.170 | 187(ป):0.105 | 186(บ):0.077,1
PrintAksorn_dataset/test/no_nu_Kanit-Bold.png,187,ป,123,0.1292,185,น,0,187,0.1292,187(ป):0.129 | 225(แ):0.104 | 188(ผ):0.096,1
PrintAksorn_dataset/test/no_nu_Kanit-ExtraLight.png,186,บ,122,0.5897,185,น,0,186,0.5897,186(บ):0.590 | 203(ห):0.124 | 187(ป):0.120,1
PrintAksorn_dataset/test/no_nu_Kanit-Italic.png,203,ห,138,0.3034,185,น,0,203,0.3034,203(ห):0.303 | 186(บ):0.225 | 187(ป):0.129,1
PrintAksorn_dataset/test/no_nu_Kanit-Thin.png,186,บ,122,0.5708,185,น,0,186,0.5708,186(บ):0.571 | 203(ห):0.173 | 187(ป):0.070,1
PrintAksorn_dataset/test/no_nu_Kinnari-BoldItalic.png,185,น,121,0.8327,185,น,1,185,0.8327,185(น):0.833 | 203(ห):0.012 | 186(บ):0.010,1
PrintAksorn_dataset/test/no_nu_Krungthep.png,185,น,121,0.4766,185,น,1,185,0.4766,185(น):0.477 | 179(ณ):0.146 | 188(ผ):0.052,1
PrintAksorn_dataset/test/no_nu_Norasi-Italic.png,185,น,121,0.9395,185,น,1,185,0.9395,185(น):0.939 | 215(ื):0.001 | 177(ฑ):0.001,1
PrintAksorn_dataset/test/no_nu_NotoSansThai-CondensedThin.png,203,ห,138,0.6631,185,น,0,203,0.6631,203(ห):0.663 | 186(บ):0.094 | 225(แ):0.050,1
PrintAksorn_dataset/test/o_ang_Athiti-Regular.png,205,อ,140,0.8444,205,อ,1,205,0.8444,205(อ):0.844 | 206(ฮ):0.013 | 194(ย):0.012,1
PrintAksorn_dataset/test/o_ang_Chonburi-Regular.png,205,อ,140,0.5769,205,อ,1,205,0.5769,205(อ):0.577 | 169(ฉ):0.127 | 172(ฌ):0.032,1
PrintAksorn_dataset/test/o_ang_ChulaNarak-Italic.png,205,อ,140,0.956,205,อ,1,205,0.956,205(อ):0.956 | 206(ฮ):0.002 | 182(ถ):0.001,1
PrintAksorn_dataset/test/o_ang_CmPrasanmit-Bold.png,205,อ,140,0.9018,205,อ,1,205,0.9018,205(อ):0.902 | 206(ฮ):0.004 | 180(ด):0.003,1
PrintAksorn_dataset/test/o_ang_CmPrasanmit-Italic.png,205,อ,140,0.9623,205,อ,1,205,0.9623,205(อ):0.962 | 206(ฮ):0.001 | 212(ิ):0.001,1
PrintAksorn_dataset/test/o_ang_DC-Palamongkol-Bold.png,205,อ,140,0.8688,205,อ,1,205,0.8688,205(อ):0.869 | 180(ด):0.007 | 197(ล):0.004,1
PrintAksorn_dataset/test/o_ang_FonLeb-Italic.png,205,อ,140,0.9257,205,อ,1,205,0.9257,205(อ):0.926 | 180(ด):0.003 | 164(ค):0.002,1
PrintAksorn_dataset/test/pho_phan_Athiti-Light.png,190,พ,126,0.5482,190,พ,1,190,0.5482,190(พ):0.548 | 188(ผ):0.325 | 191(ฟ):0.009,1
PrintAksorn_dataset/test/pho_phan_Athiti-Regular.png,190,พ,126,0.5227,190,พ,1,190,0.5227,190(พ):0.523 | 188(ผ):0.326 | 191(ฟ):0.017,1
PrintAksorn_dataset/test/pho_phan_ChulaNarak-Bold-Italic.png,190,พ,126,0.7926,190,พ,1,190,0.7926,190(พ):0.793 | 191(ฟ):0.067 | 188(ผ):0.018,1
PrintAksorn_dataset/test/pho_phan_CmPrasanmit-Bold.png,190,พ,126,0.8611,190,พ,1,190,0.8611,190(พ):0.861 | 191(ฟ):0.023 | 188(ผ):0.015,1
PrintAksorn_dataset/test/pho_phan_FonLeb-Bold.png,190,พ,126,0.8407,190,พ,1,190,0.8407,190(พ):0.841 | 188(ผ):0.031 | 191(ฟ):0.016,1
PrintAksorn_dataset/test/pho_phan_JS-Pranee-Italic.png,190,พ,126,0.3265,190,พ,1,190,0.3265,190(พ):0.327 | 203(ห):0.252 | 204(ฬ):0.130,1
PrintAksorn_dataset/test/pho_phan_JS-Prasoplarp-Normal.png,190,พ,126,0.869,190,พ,1,190,0.869,190(พ):0.869 | 191(ฟ):0.042 | 188(ผ):0.007,1
PrintAksorn_dataset/test/pho_phan_JS-Rapee-Italic.png,190,พ,126,0.782,190,พ,1,190,0.782,190(พ):0.782 | 191(ฟ):0.078 | 188(ผ):0.015,1
PrintAksorn_dataset/test/pho_phan_Kinnari-BoldItalic.png,190,พ,126,0.6984,190,พ,1,190,0.6984,190(พ):0.698 | 191(ฟ):0.060 | 188(ผ):0.057,1
PrintAksorn_dataset/test/pho_phan_Laksaman-Bold.png,190,พ,126,0.8756,190,พ,1,190,0.8756,190(พ):0.876 | 191(ฟ):0.028 | 188(ผ):0.014,1
PrintAksorn_dataset/test/pho_phan_Laksaman-Italic.png,190,พ,126,0.7843,190,พ,1,190,0.7843,190(พ):0.784 | 191(ฟ):0.079 | 188(ผ):0.013,1
PrintAksorn_dataset/test/pho_phan_NotoSerifThai-ExtraCondensedExtraBold.png,190,พ,126,0.8135,190,พ,1,190,0.8135,190(พ):0.814 | 191(ฟ):0.031 | 188(ผ):0.013,1
PrintAksorn_dataset/test/pho_phan_NotoSerifThai-ExtraCondensedSemiBold.png,190,พ,126,0.8558,190,พ,1,190,0.8558,190(พ):0.856 | 188(ผ):0.022 | 191(ฟ):0.020,1
PrintAksorn_dataset/test/pho_phan_NotoSerifThai-SemiCondensed.png,190,พ,126,0.9026,190,พ,1,190,0.9026,190(พ):0.903 | 191(ฟ):0.016 | 188(ผ):0.014,1
PrintAksorn_dataset/test/pho_phan_Taviraj-LightItalic.png,190,พ,126,0.812,190,พ,1,190,0.812,190(พ):0.812 | 191(ฟ):0.032 | 188(ผ):0.032,1
PrintAksorn_dataset/test/pho_phan_Taviraj-Regular.png,190,พ,126,0.851,190,พ,1,190,0.851,190(พ):0.851 | 191(ฟ):0.028 | 188(ผ):0.014,1
PrintAksorn_dataset/test/pho_phan_Taviraj-Thin.png,190,พ,126,0.8944,190,พ,1,190,0.8944,190(พ):0.894 | 188(ผ):0.012 | 191(ฟ):0.011,1
PrintAksorn_dataset/test/pho_phan_Trirong-ExtraLightItalic.png,190,พ,126,0.8312,190,พ,1,190,0.8312,190(พ):0.831 | 188(ผ):0.037 | 191(ฟ):0.020,1
PrintAksorn_dataset/test/pho_phan_Trirong-MediumItalic.png,190,พ,126,0.751,190,พ,1,190,0.751,190(พ):0.751 | 191(ฟ):0.045 | 188(ผ):0.029,1
PrintAksorn_dataset/test/pho_phan_Trirong-Thin.png,190,พ,126,0.8839,190,พ,1,190,0.8839,190(พ):0.884 | 188(ผ):0.019 | 191(ฟ):0.008,1
PrintAksorn_dataset/test/pho_phan_Umpush-BoldOblique.png,190,พ,126,0.8087,190,พ,1,190,0.8087,190(พ):0.809 | 191(ฟ):0.055 | 188(ผ):0.015,1
PrintAksorn_dataset/test/pho_phueng_FonLeb-Bold-Italic.png,188,ผ,124,0.8277,188,ผ,1,188,0.8277,188(ผ):0.828 | 189(ฝ):0.032 | 190(พ):0.015,1
PrintAksorn_dataset/test/pho_phueng_Garuda-Bold.png,188,ผ,124,0.7634,188,ผ,1,188,0.7634,188(ผ):0.763 | 189(ฝ):0.029 | 165(ฅ):0.007,1
PrintAksorn_dataset/test/pho_phueng_Himmaparnt-Bold.png,188,ผ,124,0.8404,188,ผ,1,188,0.8404,188(ผ):0.840 | 189(ฝ):0.009 | 178(ฒ):0.005,1
PrintAksorn_dataset/test/pho_phueng_JS-75-Pumpuang.png,190,พ,126,0.3409,188,ผ,0,190,0.3409,190(พ):0.341 | 203(ห):0.198 | 225(แ):0.177,1
PrintAksorn_dataset/test/pho_phueng_JS-Charnchai-Normal.png,188,ผ,124,0.8722,188,ผ,1,188,0.8722,188(ผ):0.872 | 189(ฝ):0.011 | 178(ฒ):0.003,1
PrintAksorn_dataset/test/pho_phueng_Kanit-SemiBoldItalic.png,188,ผ,124,0.6388,188,ผ,1,188,0.6388,188(ผ):0.639 | 189(ฝ):0.084 | 172(ฌ):0.033,1
PrintAksorn_dataset/test/pho_phueng_Kinnari-Oblique.png,188,ผ,124,0.8806,188,ผ,1,188,0.8806,188(ผ):0.881 | 189(ฝ):0.016 | 190(พ):0.004,1
PrintAksorn_dataset/test/pho_phueng_Laksaman-Italic.png,188,ผ,124,0.8911,188,ผ,1,188,0.8911,188(ผ):0.891 | 189(ฝ):0.015 | 213(ี):0.002,1
PrintAksorn_dataset/test/pho_phueng_NotoSansThai-ExtraCondensedLight.png,188,ผ,124,0.7577,188,ผ,1,188,0.7577,188(ผ):0.758 | 189(ฝ):0.068 | 190(พ):0.017,1
PrintAksorn_dataset/test/pho_phueng_NotoSansThai-SemiBold.png,188,ผ,124,0.7285,188,ผ,1,188,0.7285,188(ผ):0.728 | 189(ฝ):0.080 | 172(ฌ):0.007,1
PrintAksorn_dataset/test/pho_phueng_NotoSansThai-SemiCondensedExtraLight.png,188,ผ,124,0.7966,188,ผ,1,188,0.7966,188(ผ):0.797 | 189(ฝ):0.035 | 190(พ):0.017,1
PrintAksorn_dataset/test/pho_phueng_NotoSansThai-SemiCondensedSemiBold.png,188,ผ,124,0.7317,188,ผ,1,188,0.7317,188(ผ):0.732 | 189(ฝ):0.057 | 172(ฌ):0.012,1
PrintAksorn_dataset/test/pho_phueng_NotoSansThaiLooped-ExtraBold.png,188,ผ,124,0.8224,188,ผ,1,188,0.8224,188(ผ):0.822 | 189(ฝ):0.036 | 172(ฌ):0.006,1
PrintAksorn_dataset/test/pho_phueng_NotoSansThaiLooped-SemiBold.png,188,ผ,124,0.7823,188,ผ,1,188,0.7823,188(ผ):0.782 | 189(ฝ):0.059 | 205(อ):0.006,1
PrintAksorn_dataset/test/sara_a_Aksaramatee-Italic.png,208,ะ,,0.8737,208,ะ,1,208,0.8737,208(ะ):0.874 | 225(แ):0.007 | 194(ย):0.006,1
PrintAksorn_dataset/test/sara_a_Aksaramatee-Regular.png,208,ะ,,0.8439,208,ะ,1,208,0.8439,208(ะ):0.844 | 225(แ):0.007 | 188(ผ):0.004,1
PrintAksorn_dataset/test/sara_a_Athiti-Light.png,208,ะ,,0.8518,208,ะ,1,208,0.8518,208(ะ):0.852 | 167(ง):0.021 | 184(ธ):0.009,1
PrintAksorn_dataset/test/sara_a_Athiti-Regular.png,208,ะ,,0.8633,208,ะ,1,208,0.8633,208(ะ):0.863 | 167(ง):0.019 | 184(ธ):0.009,1
PrintAksorn_dataset/test/sara_a_Ayuthaya.png,208,ะ,,0.8787,208,ะ,1,208,0.8787,208(ะ):0.879 | 225(แ):0.006 | 184(ธ):0.004,1
PrintAksorn_dataset/test/sara_a_ChulaNarak-Italic.png,208,ะ,,0.8933,208,ะ,1,208,0.8933,208(ะ):0.893 | 209(ั):0.007 | 225(แ):0.005,1
PrintAksorn_dataset/test/sara_a_Himmaparnt-Italic.png,208,ะ,,0.8783,208,ะ,1,208,0.8783,208(ะ):0.878 | 225(แ):0.007 | 209(ั):0.004,1
PrintAksorn_dataset/test/sara_a_JS-Arisa-Italic.png,208,ะ,,0.8986,208,ะ,1,208,0.8986,208(ะ):0.899 | 225(แ):0.006 | 209(ั):0.005,1
PrintAksorn_dataset/test/sara_a_JS-Charnchai-Normal.png,208,ะ,,0.8929,208,ะ,1,208,0.8929,208(ะ):0.893 | 225(แ):0.007 | 193(ม):0.002,1
PrintAksorn_dataset/test/sara_a_JS-Chusri-Normal.png,208,ะ,,0.9063,208,ะ,1,208,0.9063,208(ะ):0.906 | 167(ง):0.004 | 205(อ):0.003,1
PrintAksorn_dataset/test/sara_a_JS-Jindara-Normal.png,208,ะ,,0.8962,208,ะ,1,208,0.8962,208(ะ):0.896 | 225(แ):0.005 | 193(ม):0.002,1
PrintAksorn_dataset/test/sara_a_JS-Jukaphan.png,208,ะ,,0.9069,208,ะ,1,208,0.9069,208(ะ):0.907 | 225(แ):0.005 | 193(ม):0.003,1
PrintAksorn_dataset/test/sara_a_JS-Obsaward-Italic.png,208,ะ,,0.8961,208,ะ,1,208,0.8961,208(ะ):0.896 | 225(แ):0.006 | 194(ย):0.005,1
PrintAksorn_dataset/test/thanthakhat_Aksaramatee-Bold-Italic.png,236,์,221,0.9256,236,์,1,236,0.9256,236(์):0.926 | 231(็):0.005 | 226(โ):0.005,1
PrintAksorn_dataset/test/thanthakhat_JS-Sunsanee-Normal.png,236,์,221,0.8971,236,์,1,236,0.8971,236(์):0.897 | 224(เ):0.023 | 209(ั):0.004,1
PrintAksorn_dataset/test/thanthakhat_JS-Thanaporn-Normal.png,235,๋,,0.4774,236,์,0,235,0.4774,235(๋):0.477 | 184(ธ):0.173 | 205(อ):0.031,1
PrintAksorn_dataset/test/thanthakhat_JS-Wansika-Italic.png,236,์,221,0.8857,236,์,1,236,0.8857,236(์):0.886 | 231(็):0.027 | 226(โ):0.004,1
PrintAksorn_dataset/test/thanthakhat_JS-Yodthida-Italic.png,236,์,221,0.9153,236,์,1,236,0.9153,236(์):0.915 | 224(เ):0.007 | 200(ศ):0.006,1
PrintAksorn_dataset/test/thanthakhat_KaniGa-Bold.png,236,์,221,0.9375,236,์,1,236,0.9375,236(์):0.938 | 231(็):0.009 | 209(ั):0.003,1
PrintAksorn_dataset/test/thanthakhat_KaniGa-Italic.png,236,์,221,0.9682,236,์,1,236,0.9682,236(์):0.968 | 180(ด):0.002 | 224(เ):0.002,1
PrintAksorn_dataset/test/thanthakhat_Kanit-Black.png,169,ฉ,107,0.1828,236,์,0,169,0.1828,169(ฉ):0.183 | 205(อ):0.112 | 163(ฃ):0.076,1
PrintAksorn_dataset/test/thanthakhat_Kanit-BlackItalic.png,205,อ,140,0.1355,236,์,0,205,0.1355,205(อ):0.135 | 235(๋):0.101 | 184(ธ):0.096,1
PrintAksorn_dataset/test/thanthakhat_Kanit-BoldItalic.png,235,๋,,0.1583,236,์,0,235,0.1583,235(๋):0.158 | 184(ธ):0.125 | 205(อ):0.117,1
PrintAksorn_dataset/test/thanthakhat_Kanit-ExtraBold.png,205,อ,140,0.1346,236,์,0,205,0.1346,205(อ):0.135 | 163(ฃ):0.110 | 169(ฉ):0.107,1
PrintAksorn_dataset/test/thanthakhat_Kanit-ExtraLight.png,235,๋,,0.496,236,์,0,235,0.496,235(๋):0.496 | 186(บ):0.038 | 187(ป):0.034,1
PrintAksorn_dataset/test/thanthakhat_Kanit-Italic.png,235,๋,,0.1317,236,์,0,235,0.1317,235(๋):0.132 | 184(ธ):0.092 | 187(ป):0.051,1
PrintAksorn_dataset/test/thanthakhat_Kanit-MediumItalic.png,184,ธ,120,0.1482,236,์,0,184,0.1482,184(ธ):0.148 | 235(๋):0.129 | 236(์):0.052,1
PrintAksorn_dataset/test/thanthakhat_Kanit-Regular.png,235,๋,,0.2424,236,์,0,235,0.2424,235(๋):0.242 | 184(ธ):0.165 | 205(อ):0.071,1
PrintAksorn_dataset/test/thanthakhat_Kanit-Thin.png,235,๋,,0.5539,236,์,0,235,0.5539,235(๋):0.554 | 195(ร):0.059 | 226(โ):0.043,1
PrintAksorn_dataset/test/thanthakhat_Kinnari-BoldItalic.png,236,์,221,0.9472,236,์,1,236,0.9472,236(์):0.947 | 231(็):0.009 | 209(ั):0.005,1
PrintAksorn_dataset/test/thanthakhat_Kinnari.png,236,์,221,0.9702,236,์,1,236,0.9702,236(์):0.970 | 231(็):0.002 | 226(โ):0.001,1
PrintAksorn_dataset/test/to_tao_Athiti-Bold.png,181,ต,117,0.2672,181,ต,1,181,0.2672,181(ต):0.267 | 165(ฅ):0.218 | 205(อ):0.061,1
PrintAksorn_dataset/test/to_tao_Athiti-ExtraLight.png,165,ฅ,,0.4828,181,ต,0,165,0.4828,165(ฅ):0.483 | 181(ต):0.297 | 161(ก):0.017,1
PrintAksorn_dataset/test/to_tao_Athiti-Medium.png,181,ต,117,0.5742,181,ต,1,181,0.5742,181(ต):0.574 | 165(ฅ):0.176 | 188(ผ):0.015,1
PrintAksorn_dataset/test/to_tao_Ayuthaya.png,181,ต,117,0.5206,181,ต,1,181,0.5206,181(ต):0.521 | 165(ฅ):0.280 | 178(ฒ):0.013,1
PrintAksorn_dataset/test/to_tao_CmPrasanmit-Bold-Italic.png,181,ต,117,0.8271,181,ต,1,181,0.8271,181(ต):0.827 | 165(ฅ):0.039 | 180(ด):0.006,1
PrintAksorn_dataset/test/to_tao_CmPrasanmit-Regular.png,181,ต,117,0.8752,181,ต,1,181,0.8752,181(ต):0.875 | 165(ฅ):0.017 | 178(ฒ):0.007,1
PrintAksorn_dataset/test/to_tao_Itim-Regular.png,181,ต,117,0.8706,181,ต,1,181,0.8706,181(ต):0.871 | 178(ฒ):0.007 | 165(ฅ):0.006,1
PrintAksorn_dataset/test/wo_waen_Aksaramatee-Regular.png,199,ว,134,0.8386,199,ว,1,199,0.8386,199(ว):0.839 | 205(อ):0.023 | 187(ป):0.007,1
PrintAksorn_dataset/test/wo_waen_Athiti-Medium.png,199,ว,134,0.5324,199,ว,1,199,0.5324,199(ว):0.532 | 167(ง):0.325 | 205(อ):0.011,1
PrintAksorn_dataset/test/wo_waen_Athiti-Regular.png,167,ง,105,0.5522,199,ว,0,167,0.5522,167(ง):0.552 | 199(ว):0.260 | 168(จ):0.013,1
PrintAksorn_dataset/test/wo_waen_ChulaNarak-Bold-Italic.png,199,ว,134,0.9472,199,ว,1,199,0.9472,199(ว):0.947 | 205(อ):0.002 | 195(ร):0.002,1
PrintAksorn_dataset/test/wo_waen_ChulaNarak-Bold.png,199,ว,134,0.9386,199,ว,1,199,0.9386,199(ว):0.939 | 195(ร):0.002 | 174(ฎ):0.002,1
PrintAksorn_dataset/test/wo_waen_Garuda.png,199,ว,134,0.9143,199,ว,1,199,0.9143,199(ว):0.914 | 195(ร):0.004 | 205(อ):0.003,1
PrintAksorn_dataset/test/yo_yak_Aksaramatee-Regular.png,194,ย,130,0.8271,194,ย,1,194,0.8271,194(ย):0.827 | 205(อ):0.010 | 188(ผ):0.006,1
PrintAksorn_dataset/test/yo_yak_Athiti-Light.png,194,ย,130,0.9022,194,ย,1,194,0.9022,194(ย):0.902 | 192(ภ):0.004 | 167(ง):0.002,1
PrintAksorn_dataset/test/yo_yak_Athiti-Regular.png,194,ย,130,0.9126,194,ย,1,194,0.9126,194(ย):0.913 | 192(ภ):0.003 | 188(ผ):0.003,1
PrintAksorn_dataset/test/yo_yak_ChulaNarak-Bold-Italic.png,194,ย,130,0.8824,194,ย,1,194,0.8824,194(ย):0.882 | 188(ผ):0.008 | 205(อ):0.006,1
PrintAksorn_dataset/test/yo_yak_ChulaNarak-Bold.png,194,ย,130,0.8861,194,ย,1,194,0.8861,194(ย):0.886 | 206(ฮ):0.003 | 188(ผ):0.002,1
PrintAksorn_dataset/test/yo_yak_CmPrasanmit-Italic.png,194,ย,130,0.8471,194,ย,1,194,0.8471,194(ย):0.847 | 188(ผ):0.006 | 205(อ):0.005,1
PrintAksorn_dataset/test/yo_yak_FonLeb-Bold.png,194,ย,130,0.8371,194,ย,1,194,0.8371,194(ย):0.837 | 188(ผ):0.018 | 186(บ):0.014,1
PrintAksorn_dataset/test/yo_yak_Himmaparnt-Bold.png,194,ย,130,0.8914,194,ย,1,194,0.8914,194(ย):0.891 | 162(ข):0.004 | 209(ั):0.004,1
PrintAksorn_dataset/test/yo_yak_JS-Pitsanu.png,194,ย,130,0.8756,194,ย,1,194,0.8756,194(ย):0.876 | 188(ผ):0.037 | 186(บ):0.006,1
PrintAksorn_dataset/test/yo_yak_JS-Puriphop-Normal.png,194,ย,130,0.9552,194,ย,1,194,0.9552,194(ย):0.955 | 188(ผ):0.005 | 175(ฏ):0.003,1
PrintAksorn_dataset/test/yo_yak_Maitree-Bold.png,194,ย,130,0.8772,194,ย,1,194,0.8772,194(ย):0.877 | 193(ม):0.014 | 188(ผ):0.007,1
PrintAksorn_dataset/test/yo_yak_Prompt-Black.png,205,อ,140,0.6286,194,ย,0,205,0.6286,205(อ):0.629 | 172(ฌ):0.031 | 187(ป):0.016,1
PrintAksorn_dataset/test/yo_yak_TlwgTypo.png,194,ย,130,0.9731,194,ย,1,194,0.9731,194(ย):0.973 | 188(ผ):0.003 | 186(บ):0.001,1
PrintAksorn_dataset/test/yo_yak_Trirong-ExtraLight.png,194,ย,130,0.9056,194,ย,1,194,0.9056,194(ย):0.906 | 208(ะ):0.003 | 193(ม):0.002,1
PrintAksorn_dataset/test/yo_yak_Trirong-Regular.png,194,ย,130,0.9165,194,ย,1,194,0.9165,194(ย):0.917 | 193(ม):0.002 | 206(ฮ):0.002,1
PrintAksorn_dataset/test/yo_yak_Waree-Bold.png,194,ย,130,0.8392,194,ย,1,194,0.8392,194(ย):0.839 | 175(ฏ):0.016 | 188(ผ):0.013,1
PrintAksorn_dataset/test/yo_ying_FonLeb-Bold-Italic.png,173,ญ,110,0.9488,173,ญ,1,173,0.9488,173(ญ):0.949 | 197(ล):0.002 | 179(ณ):0.001,1
PrintAksorn_dataset/test/yo_ying_Kanit-Thin.png,173,ญ,110,0.817,173,ญ,1,173,0.817,173(ญ):0.817 | 201(ษ):0.035 | 186(บ):0.010,1
PrintAksorn_dataset/test/yo_ying_Kinnari-BoldItalic.png,173,ญ,110,0.9288,173,ญ,1,173,0.9288,173(ญ):0.929 | 197(ล):0.003 | 174(ฎ):0.002,1
PrintAksorn_dataset/test/yo_ying_Krungthep.png,173,ญ,110,0.8949,173,ญ,1,173,0.8949,173(ญ):0.895 | 215(ื):0.008 | 172(ฌ):0.006,1
PrintAksorn_dataset/test/yo_ying_Laksaman.png,173,ญ,110,0.9412,173,ญ,1,173,0.9412,173(ญ):0.941 | 172(ฌ):0.002 | 206(ฮ):0.002,1
PrintAksorn_dataset/test/yo_ying_Loma-BoldOblique.png,173,ญ,110,0.9604,173,ญ,1,173,0.9604,173(ญ):0.960 | 172(ฌ):0.003 | 179(ณ):0.002,1
PrintAksorn_dataset/test/yo_ying_Maitree-ExtraLight.png,173,ญ,110,0.9549,173,ญ,1,173,0.9549,173(ญ):0.955 | 172(ฌ):0.003 | 179(ณ):0.002,1
PrintAksorn_dataset/test/yo_ying_Maitree-Regular.png,173,ญ,110,0.9439,173,ญ,1,173,0.9439,173(ญ):0.944 | 172(ฌ):0.002 | 174(ฎ):0.001,1
PrintAksorn_dataset/test/yo_ying_Mitr-Medium.png,173,ญ,110,0.7077,173,ญ,1,173,0.7077,173(ญ):0.708 | 172(ฌ):0.070 | 178(ฒ):0.038,1
PrintAksorn_dataset/test/yo_ying_NotoSansThai-CondensedMedium.png,173,ญ,110,0.9582,173,ญ,1,173,0.9582,173(ญ):0.958 | 166(ฆ):0.001 | 179(ณ):0.001,1
PrintAksorn_dataset/test/yo_ying_NotoSansThai-ExtraCondensedThin.png,173,ญ,110,0.9485,173,ญ,1,173,0.9485,173(ญ):0.948 | 194(ย):0.003 | 201(ษ):0.003,1
PrintAksorn_dataset/test/yo_ying_NotoSansThai-Regular.png,173,ญ,110,0.9666,173,ญ,1,173,0.9666,173(ญ):0.967 | 172(ฌ):0.001 | 179(ณ):0.001,1
PrintAksorn_dataset/test/yo_ying_SR-FahMai-Bold.png,173,ญ,110,0.9216,173,ญ,1,173,0.9216,173(ญ):0.922 | 194(ย):0.002 | 197(ล):0.002,1
PrintAksorn_dataset/test/yo_ying_Sarabun-Medium.png,173,ญ,110,0.9389,173,ญ,1,173,0.9389,173(ญ):0.939 | 172(ฌ):0.002 | 197(ล):0.002,1
PrintAksorn_dataset/test/yo_ying_Sarabun-Thin.png,173,ญ,110,0.9317,173,ญ,1,173,0.9317,173(ญ):0.932 | 172(ฌ):0.003 | 174(ฎ):0.002,1
PrintAksorn_dataset/test/yo_ying_Sawasdee-BoldOblique.png,173,ญ,110,0.9286,173,ญ,1,173,0.9286,173(ญ):0.929 | 201(ษ):0.005 | 172(ฌ):0.003,1
PrintAksorn_dataset/test/yo_ying_Trirong-ExtraBoldItalic.png,173,ญ,110,0.965,173,ญ,1,173,0.965,173(ญ):0.965 | 172(ฌ):0.002 | 174(ฎ):0.001,1
PrintAksorn_dataset/test/yo_ying_Trirong-Regular.png,173,ญ,110,0.9519,173,ญ,1,173,0.9519,173(ญ):0.952 | 172(ฌ):0.002 | 206(ฮ):0.001,1
PrintAksorn_dataset/test/yo_ying_Trirong-ThinItalic.png,173,ญ,110,0.9527,173,ญ,1,173,0.9527,173(ญ):0.953 | 172(ฌ):0.004 | 227(ใ):0.001,1
