path,predicted_class,predicted_char,answer,confidence,true_class,true_char,correct,D1_pred,D1_conf,D2_pred,D2_conf,D3_pred,D3_conf,top_3,agree
PrintAksorn_dataset/test/bo_baimai_Aksaramatee-Bold-Italic.png,186,บ,122,0.6837,186,บ,1,186,0.7672,186,0.7763,186,0.5076,186(บ):0.684 | 217(ู):0.058 | 162(ข):0.037,1
PrintAksorn_dataset/test/bo_baimai_Athiti-Regular.png,186,บ,122,0.4417,186,บ,1,186,0.3705,186,0.8201,186,0.1345,186(บ):0.442 | 187(ป):0.048 | 194(ย):0.035,1
PrintAksorn_dataset/test/bo_baimai_Chonburi-Regular.png,186,บ,122,0.2358,186,บ,1,186,0.5288,186,0.1739,242,0.0951,186(บ):0.236 | 217(ู):0.037 | 242(๒):0.036,0
PrintAksorn_dataset/test/bo_baimai_FonLeb-Italic.png,186,บ,122,0.8798,186,บ,1,186,0.8971,186,0.8602,186,0.882,186(บ):0.880 | 217(ู):0.011 | 187(ป):0.009,1
PrintAksorn_dataset/test/bo_baimai_FonLeb-Regular.png,186,บ,122,0.8848,186,บ,1,186,0.8769,186,0.8635,186,0.914,186(บ):0.885 | 217(ู):0.008 | 194(ย):0.004,1
PrintAksorn_dataset/test/cho_chan_Ayuthaya.png,168,จ,106,0.8743,168,จ,1,168,0.8784,168,0.823,168,0.9214,168(จ):0.874 | 197(ล):0.008 | 169(ฉ):0.004,1
PrintAksorn_dataset/test/cho_chan_FonLeb-Bold-Italic.png,168,จ,106,0.7261,168,จ,1,168,0.9138,168,0.8943,168,0.3702,168(จ):0.726 | 197(ล):0.014 | 187(ป):0.012,1
PrintAksorn_dataset/test/cho_chan_Himmaparnt-Bold.png,205,อ,140,0.5865,168,จ,0,205,0.6403,205,0.6959,205,0.4233,205(อ):0.586 | 168(จ):0.035 | 162(ข):0.022,1
PrintAksorn_dataset/test/cho_chang_Aksaramatee-Bold.png,170,ช,108,0.7692,170,ช,1,170,0.8384,170,0.927,170,0.5421,170(ช):0.769 | 201(ษ):0.031 | 162(ข):0.014,1
PrintAksorn_dataset/test/cho_chang_DC-Palamongkol-Bold-Italic.png,170,ช,108,0.6924,170,ช,1,170,0.9015,170,0.9538,170,0.2219,170(ช):0.692 | 204(ฬ):0.034 | 206(ฮ):0.018,1
PrintAksorn_dataset/test/cho_chang_Himmaparnt-Italic.png,170,ช,108,0.4007,170,ช,1,170,0.5669,170,0.5924,162,0.3023,170(ช):0.401 | 206(ฮ):0.119 | 162(ข):0.117,0
PrintAksorn_dataset/test/cho_ching_Aksaramatee-Italic.png,169,ฉ,107,0.8474,169,ฉ,1,169,0.9049,169,0.9218,169,0.7154,169(ฉ):0.847 | 197(ล):0.008 | 182(ถ):0.008,1
PrintAksorn_dataset/test/cho_ching_DC-Palamongkol-Regular.png,169,ฉ,107,0.6763,169,ฉ,1,169,0.9242,169,0.9231,169,0.1817,169(ฉ):0.676 | 205(อ):0.048 | 182(ถ):0.026,1
PrintAksorn_dataset/test/cho_ching_JS-Jukaphan-Italic.png,169,ฉ,107,0.8765,169,ฉ,1,169,0.871,169,0.9351,169,0.8234,169(ฉ):0.876 | 179(ณ):0.005 | 182(ถ):0.005,1
PrintAksorn_dataset/test/cho_ching_JS-Obsaward-Italic.png,169,ฉ,107,0.836,169,ฉ,1,169,0.7858,169,0.9266,169,0.7956,169(ฉ):0.836 | 174(ฎ):0.012 | 197(ล):0.005,1
PrintAksorn_dataset/test/cho_ching_JS-Pisit-Normal.png,169,ฉ,107,0.9003,169,ฉ,1,169,0.9155,169,0.9524,169,0.833,169(ฉ):0.900 | 182(ถ):0.005 | 179(ณ):0.004,1
PrintAksorn_dataset/test/cho_choe_Athiti-Bold.png,172,ฌ,,0.393,172,ฌ,1,173,0.6147,172,0.8359,172,0.3408,172(ฌ):0.393 | 173(ญ):0.221 | 179(ณ):0.140,0
PrintAksorn_dataset/test/cho_choe_Himmaparnt-Bold-Italic.png,172,ฌ,,0.5859,172,ฌ,1,179,0.7655,172,0.8899,172,0.8655,172(ฌ):0.586 | 179(ณ):0.257 | 173(ญ):0.006,0
PrintAksorn_dataset/test/cho_choe_Krungthep.png,172,ฌ,,0.5462,172,ฌ,1,179,0.7885,172,0.8361,172,0.8006,172(ฌ):0.546 | 179(ณ):0.274 | 173(ญ):0.027,0
PrintAksorn_dataset/test/cho_choe_Pridi-ExtraLight.png,172,ฌ,,0.6052,172,ฌ,1,179,0.303,172,0.9125,172,0.8991,172(ฌ):0.605 | 179(ณ):0.102 | 173(ญ):0.090,0
PrintAksorn_dataset/test/cho_choe_Taviraj-Italic.png,172,ฌ,,0.5996,172,ฌ,1,179,0.5129,172,0.8783,172,0.9174,172(ฌ):0.600 | 179(ณ):0.171 | 173(ญ):0.061,0
PrintAksorn_dataset/test/cho_choe_Taviraj-ThinItalic.png,172,ฌ,,0.598,172,ฌ,1,179,0.2605,172,0.8957,172,0.8939,172(ฌ):0.598 | 179(ณ):0.087 | 173(ญ):0.086,0
PrintAksorn_dataset/test/digit_1_Aksaramatee-Italic.png,241,๑,302,0.5648,241,๑,1,241,0.778,205,0.6355,241,0.914,241(๑):0.565 | 205(อ):0.216 | 180(ด):0.056,0
PrintAksorn_dataset/test/digit_1_Athiti-ExtraLight.png,241,๑,302,0.2503,241,๑,1,199,0.1232,199,0.2997,241,0.7321,241(๑):0.250 | 199(ว):0.148 | 205(อ):0.072,0
PrintAksorn_dataset/test/digit_1_Athiti-Medium.png,241,๑,302,0.3064,241,๑,1,240,0.1173,205,0.6827,241,0.8864,241(๑):0.306 | 205(อ):0.254 | 240(๐):0.041,0
PrintAksorn_dataset/test/digit_1_ChulaNarak-Bold-Italic.png,241,๑,302,0.5671,241,๑,1,241,0.765,180,0.7321,241,0.9341,241(๑):0.567 | 180(ด):0.251 | 205(อ):0.018,0
PrintAksorn_dataset/test/digit_1_ChulaNarak-Regular.png,241,๑,302,0.5052,241,๑,1,241,0.6033,180,0.8412,241,0.9109,241(๑):0.505 | 180(ด):0.321 | 205(อ):0.009,0
PrintAksorn_dataset/test/digit_1_CmPrasanmit-Bold.png,241,๑,302,0.5548,241,๑,1,241,0.743,180,0.5178,241,0.9171,241(๑):0.555 | 180(ด):0.184 | 205(อ):0.064,0
PrintAksorn_dataset/test/digit_1_FonLeb-Italic.png,241,๑,302,0.5348,241,๑,1,241,0.7202,205,0.735,241,0.882,241(๑):0.535 | 205(อ):0.250 | 180(ด):0.038,0
PrintAksorn_dataset/test/digit_2_Aksaramatee-Italic.png,242,๒,303,0.5163,242,๒,1,242,0.6588,178,0.1452,242,0.8827,242(๒):0.516 | 178(ฒ):0.051 | 201(ษ):0.031,0
PrintAksorn_dataset/test/digit_2_Athiti-ExtraLight.png,242,๒,303,0.2986,242,๒,1,194,0.7634,201,0.2517,242,0.8751,242(๒):0.299 | 194(ย):0.257 | 201(ษ):0.087,0
PrintAksorn_dataset/test/digit_2_Athiti-Light.png,242,๒,303,0.29,242,๒,1,194,0.7825,201,0.417,242,0.8544,242(๒):0.290 | 194(ย):0.263 | 201(ษ):0.141,0
PrintAksorn_dataset/test/digit_2_Ayuthaya.png,242,๒,303,0.3985,242,๒,1,242,0.2692,201,0.3467,242,0.9221,242(๒):0.398 | 201(ษ):0.121 | 194(ย):0.089,0
PrintAksorn_dataset/test/digit_2_CmPrasanmit-Bold-Italic.png,242,๒,303,0.5527,242,๒,1,242,0.7187,201,0.2412,242,0.9336,242(๒):0.553 | 201(ษ):0.084 | 188(ผ):0.040,0
PrintAksorn_dataset/test/digit_2_JS-Synjai-Italic.png,242,๒,303,0.49,242,๒,1,242,0.6005,201,0.1897,242,0.8638,242(๒):0.490 | 201(ษ):0.066 | 178(ฒ):0.038,0
PrintAksorn_dataset/test/digit_2_JS-Wanida-Italic.png,242,๒,303,0.5387,242,๒,1,242,0.6897,201,0.693,242,0.924,242(๒):0.539 | 201(ษ):0.238 | 206(ฮ):0.021,0
PrintAksorn_dataset/test/digit_2_JS-Wansika-Italic.png,242,๒,303,0.5477,242,๒,1,242,0.765,172,0.1695,242,0.8733,242(๒):0.548 | 172(ฌ):0.058 | 201(ษ):0.049,0
PrintAksorn_dataset/test/digit_2_JS-Yodthida.png,242,๒,303,0.5704,242,๒,1,242,0.7735,201,0.6534,242,0.9354,242(๒):0.570 | 201(ษ):0.220 | 178(ฒ):0.024,0
PrintAksorn_dataset/test/digit_2_KaniGa-Bold-Italic.png,242,๒,303,0.4116,242,๒,1,242,0.3201,178,0.1011,242,0.907,242(๒):0.412 | 178(ฒ):0.039 | 181(ต):0.038,0
PrintAksorn_dataset/test/digit_2_KaniGa-Bold.png,242,๒,303,0.4367,242,๒,1,242,0.381,178,0.2168,242,0.9222,242(๒):0.437 | 178(ฒ):0.077 | 201(ษ):0.037,0
PrintAksorn_dataset/test/digit_2_KaniGa-Regular.png,242,๒,303,0.3637,242,๒,1,242,0.1514,178,0.1564,242,0.9328,242(๒):0.364 | 178(ฒ):0.057 | 181(ต):0.050,0
PrintAksorn_dataset/test/digit_2_Kanit-BoldItalic.png,242,๒,303,0.3886,242,๒,1,242,0.2613,205,0.4498,242,0.8999,242(๒):0.389 | 205(อ):0.154 | 209(ั):0.051,0
PrintAksorn_dataset/test/digit_2_Kanit-ExtraLight.png,242,๒,303,0.3231,242,๒,1,194,0.3157,205,0.3988,242,0.9258,242(๒):0.323 | 205(อ):0.151 | 194(ย):0.118,0
PrintAksorn_dataset/test/digit_3_Athiti-Bold.png,243,๓,304,0.2829,243,๓,1,243,0.2014,181,0.4446,243,0.6433,243(๓):0.283 | 181(ต):0.164 | 165(ฅ):0.057,0
PrintAksorn_dataset/test/digit_3_Athiti-Medium.png,165,ฅ,,0.3378,243,๓,0,243,0.0902,165,0.9244,243,0.5485,165(ฅ):0.338 | 243(๓):0.213 | 182(ถ):0.024,0
PrintAksorn_dataset/test/digit_3_Athiti-Regular.png,165,ฅ,,0.339,243,๓,0,183,0.0814,165,0.9277,243,0.5348,165(ฅ):0.339 | 243(๓):0.190 | 183(ท):0.030,0
PrintAksorn_dataset/test/digit_3_CmPrasanmit-Bold-Italic.png,243,๓,304,0.4924,243,๓,1,243,0.6162,178,0.1215,243,0.8528,243(๓):0.492 | 178(ฒ):0.046 | 234(๊):0.031,0
PrintAksorn_dataset/test/digit_3_Himmaparnt-Bold-Italic.png,243,๓,304,0.2712,243,๓,1,173,0.2474,178,0.1994,243,0.7025,243(๓):0.271 | 173(ญ):0.086 | 181(ต):0.081,0
PrintAksorn_dataset/test/digit_3_Himmaparnt-Bold.png,243,๓,304,0.3038,243,๓,1,173,0.3002,181,0.3177,243,0.7173,243(๓):0.304 | 181(ต):0.117 | 173(ญ):0.104,0
PrintAksorn_dataset/test/digit_3_Itim-Regular.png,243,๓,304,0.3965,243,๓,1,243,0.3059,181,0.2262,243,0.8775,243(๓):0.397 | 181(ต):0.080 | 183(ท):0.067,0
PrintAksorn_dataset/test/digit_3_JS-Angsumalin.png,181,ต,117,0.3075,243,๓,0,243,0.1959,181,0.7548,243,0.601,181(ต):0.308 | 243(๓):0.267 | 165(ฅ):0.028,0
PrintAksorn_dataset/test/digit_3_JS-Chanok-Normal.png,243,๓,304,0.3904,243,๓,1,243,0.3543,181,0.4256,243,0.8114,243(๓):0.390 | 181(ต):0.210 | 165(ฅ):0.026,0
PrintAksorn_dataset/test/digit_3_JS-Charnchai-Normal.png,243,๓,304,0.4614,243,๓,1,243,0.5896,234,0.3425,243,0.7901,243(๓):0.461 | 234(๊):0.116 | 178(ฒ):0.052,0
PrintAksorn_dataset/test/digit_3_JS-Chulee.png,243,๓,304,0.3728,243,๓,1,243,0.2137,181,0.3052,243,0.8958,243(๓):0.373 | 181(ต):0.111 | 183(ท):0.055,0
PrintAksorn_dataset/test/digit_3_JS-Giat-Bold.png,243,๓,304,0.3231,243,๓,1,243,0.1046,181,0.3379,243,0.8598,243(๓):0.323 | 181(ต):0.121 | 182(ถ):0.060,0
PrintAksorn_dataset/test/digit_3_JS-Jindara-Bold.png,243,๓,304,0.4118,243,๓,1,243,0.3432,181,0.8175,243,0.8904,243(๓):0.412 | 181(ต):0.278 | 182(ถ):0.033,0
PrintAksorn_dataset/test/digit_3_JS-Korakhot-Normal.png,243,๓,304,0.3318,243,๓,1,173,0.1839,165,0.2206,243,0.8217,243(๓):0.332 | 165(ฅ):0.079 | 173(ญ):0.065,0
PrintAksorn_dataset/test/digit_3_JS-Pisit-Italic.png,243,๓,304,0.3389,243,๓,1,183,0.1105,181,0.7358,243,0.9076,243(๓):0.339 | 181(ต):0.257 | 183(ท):0.038,0
PrintAksorn_dataset/test/digit_4_Athiti-ExtraLight.png,231,็,217,0.3262,244,๔,0,249,0.0741,231,0.9165,244,0.8692,231(็):0.326 | 244(๔):0.302 | 249(๙):0.026,0
PrintAksorn_dataset/test/digit_4_Athiti-SemiBold.png,231,็,217,0.335,244,๔,0,231,0.162,231,0.8408,244,0.7252,231(็):0.335 | 244(๔):0.265 | 248(๘):0.047,0
PrintAksorn_dataset/test/digit_4_Chonburi-Regular.png,231,็,217,0.1693,244,๔,0,244,0.165,231,0.4911,245,0.3573,231(็):0.169 | 245(๕):0.138 | 244(๔):0.075,0
PrintAksorn_dataset/test/digit_4_ChulaNarak-Italic.png,244,๔,305,0.4179,244,๔,1,244,0.3585,231,0.9081,244,0.8943,244(๔):0.418 | 231(็):0.348 | 236(์):0.009,0
PrintAksorn_dataset/test/digit_4_CmPrasanmit-Bold-Italic.png,244,๔,305,0.4548,244,๔,1,244,0.4559,231,0.9169,244,0.908,244(๔):0.455 | 231(็):0.328 | 236(์):0.031,0
PrintAksorn_dataset/test/digit_4_CmPrasanmit-Italic.png,244,๔,305,0.5162,244,๔,1,244,0.6524,231,0.9476,244,0.8956,244(๔):0.516 | 231(็):0.326 | 236(์):0.010,0
PrintAksorn_dataset/test/digit_4_DC-Palamongkol-Bold.png,231,็,217,0.3229,244,๔,0,244,0.1769,231,0.8524,244,0.7275,231(็):0.323 | 244(๔):0.302 | 248(๘):0.029,0
PrintAksorn_dataset/test/digit_4_DC-Palamongkol-Italic.png,231,็,217,0.3308,244,๔,0,244,0.3063,231,0.9044,244,0.6655,231(็):0.331 | 244(๔):0.324 | 248(๘):0.059,0
PrintAksorn_dataset/test/digit_4_FonLeb-Bold-Italic.png,244,๔,305,0.5003,244,๔,1,244,0.5998,231,0.9094,244,0.9001,244(๔):0.500 | 231(็):0.321 | 248(๘):0.008,0
PrintAksorn_dataset/test/digit_4_FonLeb-Italic.png,244,๔,305,0.3573,244,๔,1,244,0.1917,231,0.9239,244,0.8792,244(๔):0.357 | 231(็):0.325 | 248(๘):0.013,0
PrintAksorn_dataset/test/digit_5_Aksaramatee-Regular.png,245,๕,306,0.4031,245,๕,1,245,0.3427,231,0.2829,245,0.8584,245(๕):0.403 | 231(็):0.098 | 244(๔):0.074,0
PrintAksorn_dataset/test/digit_5_Athiti-Light.png,245,๕,306,0.3316,245,๕,1,245,0.1592,231,0.1448,245,0.8283,245(๕):0.332 | 231(็):0.053 | 188(ผ):0.041,0
PrintAksorn_dataset/test/digit_5_Chonburi-Regular.png,245,๕,306,0.2641,245,๕,1,245,0.2245,206,0.1531,245,0.5556,245(๕):0.264 | 206(ฮ):0.054 | 184(ธ):0.052,0
PrintAksorn_dataset/test/digit_5_CmPrasanmit-Regular.png,245,๕,306,0.468,245,๕,1,245,0.5932,208,0.2401,245,0.8043,245(๕):0.468 | 208(ะ):0.083 | 206(ฮ):0.042,0
PrintAksorn_dataset/test/digit_5_FonLeb-Italic.png,245,๕,306,0.4351,245,๕,1,245,0.44,231,0.6362,245,0.861,245(๕):0.435 | 231(็):0.215 | 206(ฮ):0.033,0
PrintAksorn_dataset/test/digit_5_Garuda.png,245,๕,306,0.3789,245,๕,1,245,0.2475,231,0.2732,245,0.8823,245(๕):0.379 | 231(็):0.093 | 176(ฐ):0.076,0
PrintAksorn_dataset/test/digit_5_JS-75-Pumpuang.png,245,๕,306,0.2769,245,๕,1,244,0.169,205,0.3323,245,0.7929,245(๕):0.277 | 205(อ):0.114 | 208(ะ):0.075,0
PrintAksorn_dataset/test/digit_5_JS-Chulee.png,245,๕,306,0.3921,245,๕,1,245,0.2821,231,0.2696,245,0.8864,245(๕):0.392 | 231(็):0.093 | 244(๔):0.051,0
PrintAksorn_dataset/test/digit_6_Athiti-Light.png,246,๖,307,0.2941,246,๖,1,246,0.0723,167,0.2144,246,0.8065,246(๖):0.294 | 167(ง):0.075 | 173(ญ):0.040,0
PrintAksorn_dataset/test/digit_6_Chonburi-Regular.png,246,๖,307,0.3332,246,๖,1,246,0.3193,184,0.1666,246,0.675,246(๖):0.333 | 184(ธ):0.065 | 208(ะ):0.048,0
PrintAksorn_dataset/test/digit_6_Himmaparnt-Bold.png,246,๖,307,0.3355,246,๖,1,246,0.1489,205,0.3996,246,0.8519,246(๖):0.335 | 205(อ):0.164 | 206(ฮ):0.024,0
PrintAksorn_dataset/test/digit_6_JS-Chanok-Normal.png,246,๖,307,0.5427,246,๖,1,246,0.7176,205,0.0936,246,0.9053,246(๖):0.543 | 205(อ):0.033 | 208(ะ):0.026,0
PrintAksorn_dataset/test/digit_6_JS-Chulee.png,246,๖,307,0.345,246,๖,1,246,0.1395,173,0.2613,246,0.8905,246(๖):0.345 | 173(ญ):0.090 | 224(เ):0.047,0
PrintAksorn_dataset/test/digit_6_KaniGa-Italic.png,246,๖,307,0.3697,246,๖,1,246,0.2103,205,0.1939,246,0.8923,246(๖):0.370 | 205(อ):0.075 | 206(ฮ):0.028,0
PrintAksorn_dataset/test/digit_6_Kanit-ExtraLightItalic.png,246,๖,307,0.237,246,๖,1,240,0.0876,173,0.3088,246,0.6865,246(๖):0.237 | 173(ญ):0.112 | 215(ื):0.036,0
PrintAksorn_dataset/test/digit_6_Kanit-Regular.png,246,๖,307,0.2798,246,๖,1,240,0.1929,214,0.1952,246,0.792,246(๖):0.280 | 214(ึ):0.069 | 240(๐):0.067,0
PrintAksorn_dataset/test/digit_7_Athiti-Bold.png,247,๗,308,0.2639,247,๗,1,173,0.3009,234,0.2626,247,0.7731,247(๗):0.264 | 173(ญ):0.110 | 234(๊):0.099,0
PrintAksorn_dataset/test/digit_7_Chonburi-Regular.png,247,๗,308,0.3,247,๗,1,173,0.3842,172,0.3569,247,0.8664,247(๗):0.300 | 173(ญ):0.142 | 172(ฌ):0.122,0
PrintAksorn_dataset/test/digit_7_CmPrasanmit-Bold-Italic.png,247,๗,308,0.3496,247,๗,1,247,0.1465,234,0.9334,247,0.9014,247(๗):0.350 | 234(๊):0.322 | 242(๒):0.039,0
PrintAksorn_dataset/test/digit_7_JS-Oobboon-Normal.png,173,ญ,110,0.2266,247,๗,0,173,0.6573,234,0.3717,247,0.5947,173(ญ):0.227 | 247(๗):0.203 | 234(๊):0.161,0
PrintAksorn_dataset/test/digit_7_JS-Prapakorn-Italic.png,247,๗,308,0.423,247,๗,1,247,0.3372,234,0.9503,247,0.9312,247(๗):0.423 | 234(๊):0.321 | 242(๒):0.058,0
PrintAksorn_dataset/test/digit_7_JS-Prapakorn-Normal.png,247,๗,308,0.3828,247,๗,1,247,0.2529,234,0.8672,247,0.894,247(๗):0.383 | 234(๊):0.292 | 242(๒):0.051,0
PrintAksorn_dataset/test/digit_7_Kanit-BoldItalic.png,247,๗,308,0.2674,247,๗,1,173,0.1196,178,0.4302,247,0.7784,247(๗):0.267 | 178(ฒ):0.153 | 234(๊):0.120,0
PrintAksorn_dataset/test/digit_7_Kanit-ExtraLightItalic.png,247,๗,308,0.2788,247,๗,1,173,0.7358,234,0.3601,247,0.825,247(๗):0.279 | 173(ญ):0.256 | 234(๊):0.126,0
PrintAksorn_dataset/test/digit_7_Kanit-Italic.png,247,๗,308,0.267,247,๗,1,173,0.5922,234,0.4386,247,0.7848,247(๗):0.267 | 173(ญ):0.213 | 234(๊):0.161,0
PrintAksorn_dataset/test/digit_7_Kanit-Medium.png,247,๗,308,0.2883,247,๗,1,173,0.5508,234,0.3811,247,0.852,247(๗):0.288 | 173(ญ):0.198 | 234(๊):0.134,0
PrintAksorn_dataset/test/digit_7_Kanit-ThinItalic.png,173,ญ,110,0.2582,247,๗,0,173,0.7103,234,0.3619,247,0.6452,173(ญ):0.258 | 247(๗):0.218 | 234(๊):0.124,0
PrintAksorn_dataset/test/digit_7_Kinnari.png,247,๗,308,0.3678,247,๗,1,247,0.2127,234,0.8661,247,0.8884,247(๗):0.368 | 234(๊):0.295 | 242(๒):0.026,0
PrintAksorn_dataset/test/digit_7_Loma-Bold.png,247,๗,308,0.2866,247,๗,1,173,0.5391,234,0.7886,247,0.8399,247(๗):0.287 | 234(๊):0.273 | 173(ญ):0.183,0
PrintAksorn_dataset/test/digit_7_NotoSansThai-CondensedExtraBold.png,247,๗,308,0.2754,247,๗,1,173,0.5706,234,0.1822,247,0.8091,247(๗):0.275 | 173(ญ):0.198 | 234(๊):0.063,0
PrintAksorn_dataset/test/digit_7_NotoSansThai-CondensedMedium.png,247,๗,308,0.2481,247,๗,1,173,0.5213,234,0.5178,247,0.732,247(๗):0.248 | 173(ญ):0.178 | 234(๊):0.177,0
PrintAksorn_dataset/test/digit_7_NotoSansThai-ExtraCondensedExtraBold.png,247,๗,308,0.2683,247,๗,1,173,0.3861,234,0.3989,247,0.7897,247(๗):0.268 | 234(๊):0.137 | 173(ญ):0.136,0
PrintAksorn_dataset/test/digit_7_NotoSansThai-ExtraCondensedThin.png,173,ญ,110,0.1915,247,๗,0,173,0.5531,234,0.4669,247,0.4715,173(ญ):0.191 | 247(๗):0.160 | 234(๊):0.159,0
PrintAksorn_dataset/test/digit_7_NotoSerifThai-CondensedExtraBold.png,247,๗,308,0.1955,247,๗,1,173,0.4183,234,0.3645,247,0.5552,247(๗):0.196 | 173(ญ):0.179 | 234(๊):0.139,0
PrintAksorn_dataset/test/digit_7_NotoSerifThai-CondensedMedium.png,247,๗,308,0.2449,247,๗,1,173,0.3106,234,0.7009,247,0.6975,247(๗):0.245 | 234(๊):0.244 | 173(ญ):0.116,0
PrintAksorn_dataset/test/digit_7_NotoSerifThai-ExtraCondensedBlack.png,247,๗,308,0.1871,247,๗,1,173,0.2651,234,0.4114,247,0.5324,247(๗):0.187 | 234(๊):0.154 | 173(ญ):0.125,0
PrintAksorn_dataset/test/digit_8_Aksaramatee-Regular.png,231,็,217,0.4081,248,๘,0,231,0.2957,231,0.9269,248,0.878,231(็):0.408 | 248(๘):0.353 | 243(๓):0.028,0
PrintAksorn_dataset/test/digit_8_Athiti-Regular.png,248,๘,309,0.3482,248,๘,1,247,0.1901,231,0.8669,248,0.8845,248(๘):0.348 | 231(็):0.305 | 247(๗):0.065,0
PrintAksorn_dataset/test/digit_8_ChulaNarak-Bold.png,231,็,217,0.504,248,๘,0,231,0.6657,231,0.8426,248,0.8117,231(็):0.504 | 248(๘):0.296 | 244(๔):0.006,0
PrintAksorn_dataset/test/digit_8_JS-Obsaward-Normal.png,231,็,217,0.4242,248,๘,0,231,0.3557,231,0.914,248,0.8255,231(็):0.424 | 248(๘):0.301 | 243(๓):0.013,0
PrintAksorn_dataset/test/digit_8_JS-Prajuk-Italic.png,231,็,217,0.317,248,๘,0,236,0.5079,231,0.9089,248,0.9304,231(็):0.317 | 248(๘):0.312 | 236(์):0.173,0
PrintAksorn_dataset/test/digit_8_Kanit-BlackItalic.png,231,็,217,0.3144,248,๘,0,231,0.5028,231,0.4237,248,0.8545,231(็):0.314 | 248(๘):0.304 | 205(อ):0.041,0
PrintAksorn_dataset/test/digit_8_Kanit-LightItalic.png,231,็,217,0.3097,248,๘,0,231,0.1251,231,0.7992,248,0.8787,231(็):0.310 | 248(๘):0.304 | 243(๓):0.035,0
PrintAksorn_dataset/test/digit_8_Norasi-BoldItalic.png,248,๘,309,0.4517,248,๘,1,248,0.4919,231,0.8572,248,0.8616,248(๘):0.452 | 231(็):0.324 | 236(์):0.007,0
PrintAksorn_dataset/test/digit_8_NotoSansThai-Black.png,231,็,217,0.3717,248,๘,0,231,0.5146,231,0.5975,248,0.8706,231(็):0.372 | 248(๘):0.311 | 236(์):0.023,0
PrintAksorn_dataset/test/digit_8_NotoSansThai-CondensedExtraLight.png,231,็,217,0.3196,248,๘,0,247,0.199,231,0.8956,248,0.8937,231(็):0.320 | 248(๘):0.318 | 247(๗):0.067,0
PrintAksorn_dataset/test/digit_8_NotoSansThai-ExtraLight.png,231,็,217,0.3525,248,๘,0,247,0.2541,231,0.9308,248,0.8647,231(็):0.352 | 248(๘):0.328 | 247(๗):0.086,0
PrintAksorn_dataset/test/digit_8_NotoSansThai-SemiCondensedBold.png,248,๘,309,0.3151,248,๘,1,231,0.1539,231,0.783,248,0.9041,248(๘):0.315 | 231(็):0.313 | 236(์):0.040,0
PrintAksorn_dataset/test/digit_8_NotoSansThai-SemiCondensedThin.png,231,็,217,0.3361,248,๘,0,247,0.2325,231,0.9315,248,0.8795,231(็):0.336 | 248(๘):0.312 | 247(๗):0.079,0
PrintAksorn_dataset/test/digit_9_Athiti-ExtraLight.png,249,๙,310,0.2003,249,๙,1,173,0.169,231,0.4202,249,0.5819,249(๙):0.200 | 231(็):0.143 | 173(ญ):0.061,0
PrintAksorn_dataset/test/digit_9_Chonburi-Regular.png,249,๙,310,0.2717,249,๙,1,170,0.1552,200,0.165,249,0.8027,249(๙):0.272 | 170(ช):0.058 | 200(ศ):0.057,0
PrintAksorn_dataset/test/digit_9_JS-Jindara-Normal.png,249,๙,310,0.2986,249,๙,1,243,0.0848,200,0.4625,249,0.8821,249(๙):0.299 | 200(ศ):0.165 | 202(ส):0.094,0
PrintAksorn_dataset/test/digit_9_JS-Korakhot-Normal.png,249,๙,310,0.3079,249,๙,1,202,0.1006,200,0.652,249,0.9118,249(๙):0.308 | 200(ศ):0.228 | 231(็):0.073,0
PrintAksorn_dataset/test/digit_9_Kanit-ExtraLight.png,249,๙,310,0.2784,249,๙,1,173,0.1552,231,0.3734,249,0.8148,249(๙):0.278 | 231(็):0.129 | 173(ญ):0.057,0
PrintAksorn_dataset/test/digit_9_Kanit-Medium.png,249,๙,310,0.302,249,๙,1,171,0.1651,165,0.1919,249,0.8913,249(๙):0.302 | 165(ฅ):0.069 | 171(ซ):0.059,0
PrintAksorn_dataset/test/digit_9_Kanit-Regular.png,249,๙,310,0.2908,249,๙,1,173,0.176,234,0.1777,249,0.8562,249(๙):0.291 | 234(๊):0.088 | 173(ญ):0.067,0
PrintAksorn_dataset/test/digit_9_Mitr-Regular.png,249,๙,310,0.1979,249,๙,1,173,0.0783,200,0.1828,249,0.5736,249(๙):0.198 | 200(ศ):0.066 | 231(็):0.058,0
PrintAksorn_dataset/test/digit_9_Nakaracha-Italic.png,249,๙,310,0.3063,249,๙,1,171,0.0714,200,0.5733,249,0.9101,249(๙):0.306 | 200(ศ):0.196 | 231(็):0.110,0
PrintAksorn_dataset/test/digit_9_Nakaracha-Regular.png,249,๙,310,0.3014,249,๙,1,242,0.1098,200,0.4206,249,0.8899,249(๙):0.301 | 200(ศ):0.144 | 231(็):0.096,0
PrintAksorn_dataset/test/digit_9_Norasi-BoldOblique.png,249,๙,310,0.3082,249,๙,1,236,0.1765,231,0.5629,249,0.9167,249(๙):0.308 | 231(็):0.206 | 236(์):0.069,0
PrintAksorn_dataset/test/digit_9_Norasi.png,249,๙,310,0.3038,249,๙,1,231,0.089,231,0.5151,249,0.8978,249(๙):0.304 | 231(็):0.202 | 202(ส):0.080,0
PrintAksorn_dataset/test/digit_9_NotoSansThai-Black.png,249,๙,310,0.3125,249,๙,1,170,0.3917,200,0.423,249,0.9287,249(๙):0.313 | 200(ศ):0.146 | 170(ช):0.138,0
PrintAksorn_dataset/test/digit_9_NotoSansThai-CondensedExtraBold.png,249,๙,310,0.3214,249,๙,1,170,0.378,200,0.893,249,0.9584,249(๙):0.321 | 200(ศ):0.302 | 170(ช):0.128,0
PrintAksorn_dataset/test/digit_9_NotoSansThai-CondensedMedium.png,249,๙,310,0.3146,249,๙,1,202,0.4817,200,0.4737,249,0.9344,249(๙):0.315 | 202(ส):0.202 | 200(ศ):0.161,0
PrintAksorn_dataset/test/digit_9_NotoSansThai-ExtraCondensedBlack.png,249,๙,310,0.3131,249,๙,1,170,0.3709,200,0.7068,249,0.9326,249(๙):0.313 | 200(ศ):0.241 | 170(ช):0.127,0
PrintAksorn_dataset/test/do_chada_Aksaramatee-Italic.png,174,ฎ,,0.5825,174,ฎ,1,175,0.8487,174,0.8593,174,0.8683,174(ฎ):0.582 | 175(ฏ):0.304 | 173(ญ):0.007,0
PrintAksorn_dataset/test/do_chada_Maitree-Light.png,174,ฎ,,0.5666,174,ฎ,1,175,0.8316,174,0.8973,174,0.7893,174(ฎ):0.567 | 175(ฏ):0.323 | 173(ญ):0.003,0
PrintAksorn_dataset/test/do_chada_NotoSansThai-Light.png,174,ฎ,,0.5619,174,ฎ,1,168,0.0678,174,0.8385,174,0.8055,174(ฎ):0.562 | 168(จ):0.024 | 175(ฏ):0.022,0
PrintAksorn_dataset/test/do_chada_NotoSansThai-SemiCondensedExtraBold.png,174,ฎ,,0.4963,174,ฎ,1,175,0.5124,174,0.913,174,0.4954,174(ฎ):0.496 | 175(ฏ):0.276 | 192(ภ):0.017,0
PrintAksorn_dataset/test/do_dek_Aksaramatee-Regular.png,180,ด,116,0.7452,180,ด,1,180,0.4112,180,0.9111,180,0.9134,180(ด):0.745 | 205(อ):0.014 | 241(๑):0.010,1
PrintAksorn_dataset/test/do_dek_JS-Pisit-Normal.png,180,ด,116,0.902,180,ด,1,180,0.9148,180,0.9425,180,0.8486,180(ด):0.902 | 248(๘):0.005 | 241(๑):0.005,1
PrintAksorn_dataset/test/do_dek_JS-Prasoplarp-Italic.png,180,ด,116,0.9324,180,ด,1,180,0.9169,180,0.9497,180,0.9305,180(ด):0.932 | 161(ก):0.002 | 241(๑):0.002,1
PrintAksorn_dataset/test/do_dek_JS-Pumpuang-Normal.png,164,ค,104,0.0556,180,ด,0,240,0.086,164,0.1536,162,0.1244,164(ค):0.056 | 162(ข):0.047 | 240(๐):0.045,0
PrintAksorn_dataset/test/fo_fa_Athiti-ExtraLight.png,187,ป,123,0.1549,189,ฝ,0,187,0.3929,188,0.2399,189,0.1679,187(ป):0.155 | 189(ฝ):0.135 | 188(ผ):0.082,0
PrintAksorn_dataset/test/fo_fa_Chonburi-Regular.png,187,ป,123,0.2389,189,ฝ,0,187,0.6719,188,0.4245,247,0.1169,187(ป):0.239 | 188(ผ):0.166 | 189(ฝ):0.062,0
PrintAksorn_dataset/test/fo_fa_JS-Puriphop-Normal.png,189,ฝ,125,0.8411,189,ฝ,1,189,0.9016,189,0.8125,189,0.8093,189(ฝ):0.841 | 188(ผ):0.021 | 193(ม):0.004,1
PrintAksorn_dataset/test/fo_fa_JS-Saksit-Normal.png,189,ฝ,125,0.8916,189,ฝ,1,189,0.9471,189,0.8651,189,0.8627,189(ฝ):0.892 | 188(ผ):0.012 | 165(ฅ):0.004,1
PrintAksorn_dataset/test/fo_fa_JS-Saowapark-Normal.png,189,ฝ,125,0.7414,189,ฝ,1,189,0.9449,189,0.501,189,0.7783,189(ฝ):0.741 | 188(ผ):0.104 | 191(ฟ):0.006,1
PrintAksorn_dataset/test/fo_fa_Kinnari-Oblique.png,189,ฝ,125,0.9118,189,ฝ,1,189,0.9538,189,0.9443,189,0.8374,189(ฝ):0.912 | 191(ฟ):0.011 | 187(ป):0.006,1
PrintAksorn_dataset/test/fo_fan_Athiti-ExtraLight.png,189,ฝ,125,0.4507,191,ฟ,0,189,0.4971,190,0.2984,189,0.7002,189(ฝ):0.451 | 191(ฟ):0.102 | 190(พ):0.101,0
PrintAksorn_dataset/test/fo_fan_JS-Chusri-Normal.png,204,ฬ,139,0.186,191,ฟ,0,173,0.1885,204,0.5441,189,0.1356,204(ฬ):0.186 | 173(ญ):0.069 | 189(ฝ):0.063,0
PrintAksorn_dataset/test/fo_fan_KaniGa-Bold.png,191,ฟ,127,0.8176,191,ฟ,1,191,0.7754,191,0.7783,191,0.8992,191(ฟ):0.818 | 190(พ):0.039 | 189(ฝ):0.018,1
PrintAksorn_dataset/test/fo_fan_Kanit-Black.png,190,พ,126,0.1488,191,ฟ,0,190,0.2243,172,0.2017,247,0.2748,190(พ):0.149 | 234(๊):0.114 | 247(๗):0.095,0
PrintAksorn_dataset/test/fo_fan_Kanit-ExtraLight.png,190,พ,126,0.3176,191,ฟ,0,191,0.6574,190,0.8769,247,0.2433,190(พ):0.318 | 191(ฟ):0.237 | 247(๗):0.083,0
PrintAksorn_dataset/test/fo_fan_Kanit-MediumItalic.png,191,ฟ,127,0.2836,191,ฟ,1,191,0.8092,190,0.7969,247,0.6307,191(ฟ):0.284 | 190(พ):0.281 | 247(๗):0.212,0
PrintAksorn_dataset/test/ho_hip_Athiti-SemiBold.png,203,ห,138,0.0993,203,ห,1,203,0.1746,200,0.1338,184,0.1009,203(ห):0.099 | 200(ศ):0.058 | 184(ธ):0.057,0
PrintAksorn_dataset/test/ho_hip_Mitr-Regular.png,185,น,121,0.1253,203,ห,0,203,0.1591,185,0.2473,185,0.1212,185(น):0.125 | 203(ห):0.090 | 248(๘):0.046,0
PrintAksorn_dataset/test/ho_hip_Norasi.png,203,ห,138,0.6874,203,ห,1,203,0.914,203,0.6518,203,0.4965,203(ห):0.687 | 190(พ):0.032 | 183(ท):0.017,1
PrintAksorn_dataset/test/ho_nokhuk_Athiti-SemiBold.png,206,ฮ,141,0.3391,206,ฮ,1,206,0.2734,206,0.6859,246,0.5149,206(ฮ):0.339 | 246(๖):0.182 | 205(อ):0.041,0
PrintAksorn_dataset/test/ho_nokhuk_Garuda-Oblique.png,206,ฮ,141,0.7849,206,ฮ,1,206,0.6538,206,0.8661,206,0.8347,206(ฮ):0.785 | 194(ย):0.023 | 249(๙):0.015,1
PrintAksorn_dataset/test/ho_nokhuk_NotoSansThai-Medium.png,206,ฮ,141,0.2684,206,ฮ,1,206,0.1472,206,0.629,246,0.2498,206(ฮ):0.268 | 246(๖):0.100 | 205(อ):0.065,0
PrintAksorn_dataset/test/ho_nokhuk_NotoSansThai-Thin.png,206,ฮ,141,0.2931,206,ฮ,1,205,0.0826,206,0.7901,246,0.1633,206(ฮ):0.293 | 246(๖):0.068 | 205(อ):0.066,0
PrintAksorn_dataset/test/kho_khai_Athiti-SemiBold.png,194,ย,130,0.2489,162,ข,0,194,0.6118,186,0.1998,162,0.386,194(ย):0.249 | 162(ข):0.175 | 186(บ):0.086,0
PrintAksorn_dataset/test/kho_khai_Laksaman.png,162,ข,102,0.8987,162,ข,1,162,0.8781,162,0.8972,162,0.9208,162(ข):0.899 | 217(ู):0.010 | 186(บ):0.009,1
PrintAksorn_dataset/test/kho_khai_TH-Chakra-Petch-Bold.png,162,ข,102,0.5823,162,ข,1,162,0.9072,163,0.7526,162,0.727,162(ข):0.582 | 163(ฃ):0.262 | 217(ู):0.009,0
PrintAksorn_dataset/test/kho_khai_Trirong-ExtraLightItalic.png,162,ข,102,0.7548,162,ข,1,162,0.8559,162,0.6348,162,0.7739,162(ข):0.755 | 186(บ):0.047 | 205(อ):0.015,1
PrintAksorn_dataset/test/kho_khwai_Athiti-ExtraLight.png,164,ค,104,0.4,164,ค,1,164,0.7547,164,0.4396,161,0.1996,164(ค):0.400 | 161(ก):0.166 | 165(ฅ):0.048,0
PrintAksorn_dataset/test/kho_khwai_JS-Obsaward-Italic.png,164,ค,104,0.377,164,ค,1,180,0.4667,164,0.8153,180,0.3481,164(ค):0.377 | 180(ด):0.278 | 165(ฅ):0.029,0
PrintAksorn_dataset/test/kho_khwai_JS-Yodthida-Italic.png,164,ค,104,0.3527,164,ค,1,164,0.3487,164,0.704,180,0.2722,164(ค):0.353 | 180(ด):0.226 | 161(ก):0.069,0
PrintAksorn_dataset/test/kho_rakhang_Athiti-Regular.png,194,ย,130,0.5206,166,ฆ,0,194,0.6861,194,0.3426,194,0.5329,194(ย):0.521 | 186(บ):0.089 | 188(ผ):0.041,1
PrintAksorn_dataset/test/kho_rakhang_Prompt-BoldItalic.png,194,ย,130,0.2992,166,ฆ,0,194,0.8399,188,0.2412,242,0.1608,194(ย):0.299 | 188(ผ):0.090 | 186(บ):0.066,0
PrintAksorn_dataset/test/kho_rakhang_Prompt-LightItalic.png,194,ย,130,0.3251,166,ฆ,0,194,0.4287,186,0.4529,194,0.3043,194(ย):0.325 | 186(บ):0.219 | 162(ข):0.031,0
PrintAksorn_dataset/test/ko_kai_Chonburi-Regular.png,161,ก,101,0.2607,161,ก,1,161,0.6812,205,0.1762,179,0.1228,161(ก):0.261 | 205(อ):0.073 | 179(ณ):0.049,0
PrintAksorn_dataset/test/ko_kai_Kanit-MediumItalic.png,161,ก,101,0.635,161,ก,1,161,0.7022,161,0.5928,161,0.6102,161(ก):0.635 | 182(ถ):0.051 | 192(ภ):0.049,1
PrintAksorn_dataset/test/ko_kai_Kinnari-BoldOblique.png,161,ก,101,0.8875,161,ก,1,161,0.9054,161,0.8618,161,0.8953,161(ก):0.887 | 164(ค):0.005 | 165(ฅ):0.004,1
PrintAksorn_dataset/test/ko_kai_Loma-Bold.png,161,ก,101,0.8763,161,ก,1,161,0.8956,161,0.9021,161,0.8313,161(ก):0.876 | 197(ล):0.007 | 182(ถ):0.007,1
PrintAksorn_dataset/test/lakkhangyao_Aksaramatee-Italic.png,210,า,203,0.8849,229,ๅ,0,210,0.8552,210,0.9022,210,0.8973,210(า):0.885 | 229(ๅ):0.012 | 227(ใ):0.004,1
PrintAksorn_dataset/test/lakkhangyao_Athiti-ExtraLight.png,210,า,203,0.5655,229,ๅ,0,229,0.8661,210,0.8369,210,0.846,210(า):0.566 | 229(ๅ):0.290 | 226(โ):0.014,0
PrintAksorn_dataset/test/lakkhangyao_Athiti-Regular.png,210,า,203,0.5883,229,ๅ,0,229,0.8893,210,0.8751,210,0.8893,210(า):0.588 | 229(ๅ):0.297 | 226(โ):0.006,0
PrintAksorn_dataset/test/lakkhangyao_Chonburi-Regular.png,210,า,203,0.4049,229,ๅ,0,210,0.9226,210,0.2481,184,0.3233,210(า):0.405 | 184(ธ):0.116 | 161(ก):0.030,0
PrintAksorn_dataset/test/lakkhangyao_ChulaNarak-Regular.png,210,า,203,0.6739,229,ๅ,0,229,0.4812,210,0.8902,210,0.8764,210(า):0.674 | 229(ๅ):0.161 | 196(ฤ):0.005,0
PrintAksorn_dataset/test/lakkhangyao_CmPrasanmit-Italic.png,210,า,203,0.6372,229,ๅ,0,229,0.7868,210,0.8998,210,0.907,210(า):0.637 | 229(ๅ):0.263 | 196(ฤ):0.003,0
PrintAksorn_dataset/test/lo_chula_Athiti-ExtraLight.png,204,ฬ,139,0.1447,204,ฬ,1,188,0.1506,204,0.3647,188,0.1351,204(ฬ):0.145 | 188(ผ):0.128 | 190(พ):0.044,0
PrintAksorn_dataset/test/lo_chula_JS-Jindara-Bold-Italic.png,204,ฬ,139,0.6664,204,ฬ,1,204,0.269,204,0.9153,204,0.8149,204(ฬ):0.666 | 203(ห):0.050 | 191(ฟ):0.034,1
PrintAksorn_dataset/test/lo_chula_JS-Obsaward-Normal.png,169,ฉ,107,0.1328,204,ฬ,0,191,0.0739,169,0.3687,203,0.0663,169(ฉ):0.133 | 191(ฟ):0.050 | 197(ล):0.046,0
PrintAksorn_dataset/test/lo_ling_Athiti-Medium.png,197,ล,133,0.4957,197,ล,1,197,0.7803,197,0.6393,182,0.3252,197(ล):0.496 | 182(ถ):0.151 | 248(๘):0.025,0
PrintAksorn_dataset/test/lo_ling_JS-Padachamai-Normal.png,197,ล,133,0.6989,197,ล,1,197,0.8707,197,0.4073,197,0.8186,197(ล):0.699 | 205(อ):0.033 | 180(ด):0.031,1
PrintAksorn_dataset/test/lo_ling_JS-Pisit-Normal.png,197,ล,133,0.8597,197,ล,1,197,0.8849,197,0.8975,197,0.7967,197(ล):0.860 | 182(ถ):0.004 | 213(ี):0.003,1
PrintAksorn_dataset/test/lo_ling_JS-Prapakorn-Italic.png,197,ล,133,0.4221,197,ล,1,197,0.8685,197,0.3533,182,0.1987,197(ล):0.422 | 182(ถ):0.100 | 205(อ):0.053,0
PrintAksorn_dataset/test/lo_ling_JS-Pudgrong-Normal.png,197,ล,133,0.872,197,ล,1,197,0.9066,197,0.8891,197,0.8202,197(ล):0.872 | 202(ส):0.006 | 182(ถ):0.003,1
PrintAksorn_dataset/test/mai_chattawa_Aksaramatee-Bold-Italic.png,235,๋,,0.5994,235,๋,1,231,0.0919,235,0.9206,235,0.869,235(๋):0.599 | 231(็):0.031 | 245(๕):0.022,0
PrintAksorn_dataset/test/mai_chattawa_Aksaramatee-Italic.png,235,๋,,0.5916,235,๋,1,231,0.3012,235,0.9108,235,0.8585,235(๋):0.592 | 231(็):0.101 | 236(์):0.036,0
PrintAksorn_dataset/test/mai_chattawa_Athiti-Bold.png,179,ณ,115,0.1971,235,๋,0,217,0.0883,201,0.495,179,0.5724,179(ณ):0.197 | 201(ษ):0.180 | 235(๋):0.043,0
PrintAksorn_dataset/test/mai_chattawa_Athiti-Medium.png,235,๋,,0.4456,235,๋,1,207,0.0863,235,0.9113,235,0.4162,235(๋):0.446 | 185(น):0.047 | 179(ณ):0.047,0
PrintAksorn_dataset/test/mai_chattawa_Ayuthaya.png,235,๋,,0.3481,235,๋,1,195,0.0623,235,0.467,235,0.5682,235(๋):0.348 | 201(ษ):0.144 | 217(ู):0.034,0
PrintAksorn_dataset/test/mai_chattawa_ChulaNarak-Bold.png,235,๋,,0.5994,235,๋,1,207,0.051,235,0.8937,235,0.8954,235(๋):0.599 | 207(ฯ):0.018 | 231(็):0.017,0
PrintAksorn_dataset/test/mai_chattawa_ChulaNarak-Regular.png,235,๋,,0.6045,235,๋,1,207,0.0598,235,0.9128,235,0.891,235(๋):0.604 | 207(ฯ):0.021 | 228(ไ):0.015,0
PrintAksorn_dataset/test/mai_chattawa_CmPrasanmit-Italic.png,235,๋,,0.6199,235,๋,1,231,0.076,235,0.943,235,0.9082,235(๋):0.620 | 231(็):0.026 | 236(์):0.024,0
PrintAksorn_dataset/test/mai_chattawa_DC-Palamongkol-Italic.png,235,๋,,0.5965,235,๋,1,231,0.1978,235,0.8885,235,0.8934,235(๋):0.597 | 231(็):0.067 | 195(ร):0.036,0
PrintAksorn_dataset/test/mai_chattawa_FonLeb-Italic.png,235,๋,,0.62,235,๋,1,231,0.1208,235,0.9359,235,0.916,235(๋):0.620 | 231(็):0.041 | 236(์):0.033,0
PrintAksorn_dataset/test/mai_chattawa_Garuda-Bold.png,201,ษ,136,0.2667,235,๋,0,191,0.0546,201,0.7087,235,0.2275,201(ษ):0.267 | 235(๋):0.143 | 179(ณ):0.049,0
PrintAksorn_dataset/test/mai_chattawa_Garuda-Oblique.png,235,๋,,0.5481,235,๋,1,195,0.0455,235,0.8035,235,0.8305,235(๋):0.548 | 201(ษ):0.030 | 185(น):0.029,0
PrintAksorn_dataset/test/mai_chattawa_Garuda.png,235,๋,,0.6027,235,๋,1,191,0.0454,235,0.9229,235,0.8743,235(๋):0.603 | 201(ษ):0.019 | 191(ฟ):0.016,0
PrintAksorn_dataset/test/mai_chattawa_Himmaparnt-Bold-Italic.png,235,๋,,0.6173,235,๋,1,231,0.2087,235,0.9049,235,0.9398,235(๋):0.617 | 231(็):0.070 | 236(์):0.023,0
PrintAksorn_dataset/test/mai_chattawa_NotoSansThai-CondensedSemiBold.png,235,๋,,0.1996,235,๋,1,232,0.1148,235,0.357,235,0.2311,235(๋):0.200 | 201(ษ):0.097 | 217(ู):0.056,0
PrintAksorn_dataset/test/mai_chattawa_NotoSansThai-Regular.png,235,๋,,0.4931,235,๋,1,191,0.0551,235,0.727,235,0.7415,235(๋):0.493 | 201(ษ):0.057 | 207(ฯ):0.019,0
PrintAksorn_dataset/test/mai_chattawa_PSK-Smart-Bold.png,235,๋,,0.2092,235,๋,1,232,0.1405,235,0.3987,235,0.2188,235(๋):0.209 | 201(ษ):0.111 | 179(ณ):0.060,0
PrintAksorn_dataset/test/mai_chattawa_Sarabun-ExtraLight.png,235,๋,,0.5975,235,๋,1,231,0.0817,235,0.9183,235,0.865,235(๋):0.597 | 231(็):0.028 | 207(ฯ):0.024,0
PrintAksorn_dataset/test/mai_chattawa_TH-Sarabun-New-Regular.png,235,๋,,0.5769,235,๋,1,236,0.1766,235,0.916,235,0.8083,235(๋):0.577 | 236(์):0.060 | 231(็):0.048,0
PrintAksorn_dataset/test/mai_chattawa_TlwgTypewriter-Bold.png,235,๋,,0.2014,235,๋,1,195,0.0644,235,0.4306,179,0.1729,235(๋):0.201 | 201(ษ):0.161 | 179(ณ):0.059,0
PrintAksorn_dataset/test/mai_chattawa_Trirong-ExtraLight.png,235,๋,,0.6,235,๋,1,231,0.1131,235,0.929,235,0.8623,235(๋):0.600 | 231(็):0.038 | 213(ี):0.032,0
PrintAksorn_dataset/test/mai_chattawa_Trirong-SemiBold.png,235,๋,,0.2681,235,๋,1,207,0.0716,235,0.6894,217,0.2281,235(๋):0.268 | 217(ู):0.083 | 201(ษ):0.072,0
PrintAksorn_dataset/test/mai_ek_Aksaramatee-Bold.png,232,่,218,0.5342,232,่,1,232,0.9265,232,0.2306,232,0.4457,232(่):0.534 | 237(ํ):0.051 | 217(ู):0.032,1
PrintAksorn_dataset/test/mai_ek_Maitree-Bold.png,232,่,218,0.306,232,่,1,232,0.7548,205,0.1391,237,0.3561,232(่):0.306 | 237(ํ):0.122 | 205(อ):0.059,0
PrintAksorn_dataset/test/mai_ek_Mitr-ExtraLight.png,232,่,218,0.8943,232,่,1,232,0.9164,232,0.9145,232,0.8522,232(่):0.894 | 217(ู):0.005 | 162(ข):0.002,1
PrintAksorn_dataset/test/mai_ek_NotoSansThaiUI-Regular.png,232,่,218,0.5312,232,่,1,232,0.9172,232,0.2615,232,0.4149,232(่):0.531 | 217(ู):0.032 | 237(ํ):0.022,1
PrintAksorn_dataset/test/mai_ek_NotoSerifThai-CondensedBlack.png,232,่,218,0.3882,232,่,1,232,0.8742,232,0.1665,237,0.1494,232(่):0.388 | 224(เ):0.061 | 237(ํ):0.051,0
PrintAksorn_dataset/test/mai_ek_NotoSerifThai-CondensedExtraBold.png,232,่,218,0.4105,232,่,1,232,0.8853,232,0.2324,237,0.1143,232(่):0.411 | 224(เ):0.053 | 237(ํ):0.039,0
PrintAksorn_dataset/test/mai_ek_NotoSerifThai-CondensedThin.png,232,่,218,0.8077,232,่,1,232,0.645,232,0.9141,232,0.8639,232(่):0.808 | 229(ๅ):0.015 | 210(า):0.011,1
PrintAksorn_dataset/test/mai_ek_NotoSerifThai-ExtraBold.png,232,่,218,0.3246,232,่,1,232,0.8482,224,0.165,242,0.138,232(่):0.325 | 224(เ):0.061 | 242(๒):0.048,0
PrintAksorn_dataset/test/mai_ek_NotoSerifThai-ExtraCondensedLight.png,232,่,218,0.856,232,่,1,232,0.8082,232,0.899,232,0.8608,232(่):0.856 | 210(า):0.005 | 229(ๅ):0.004,1
PrintAksorn_dataset/test/mai_ek_Taviraj-Bold.png,232,่,218,0.2756,232,่,1,232,0.7426,205,0.1025,237,0.148,232(่):0.276 | 237(ํ):0.051 | 205(อ):0.048,0
PrintAksorn_dataset/test/mai_ek_Taviraj-LightItalic.png,232,่,218,0.7955,232,่,1,232,0.911,232,0.5949,232,0.8807,232(่):0.796 | 184(ธ):0.013 | 224(เ):0.012,1
PrintAksorn_dataset/test/mai_ek_TlwgTypewriter.png,232,่,218,0.8367,232,่,1,232,0.9263,232,0.6996,232,0.8842,232(่):0.837 | 224(เ):0.008 | 217(ู):0.008,1
PrintAksorn_dataset/test/mai_ek_TlwgTypist.png,232,่,218,0.8093,232,่,1,232,0.9111,232,0.6286,232,0.8882,232(่):0.809 | 217(ู):0.011 | 224(เ):0.010,1
PrintAksorn_dataset/test/mai_ek_Trirong-BlackItalic.png,232,่,218,0.3146,232,่,1,232,0.8602,205,0.1173,237,0.191,232(่):0.315 | 237(ํ):0.065 | 205(อ):0.055,0
PrintAksorn_dataset/test/mai_ek_Trirong-ExtraBoldItalic.png,232,่,218,0.3144,232,่,1,232,0.8631,205,0.1334,237,0.1343,232(่):0.314 | 205(อ):0.064 | 237(ํ):0.046,0
PrintAksorn_dataset/test/mai_ek_Trirong-ExtraLightItalic.png,232,่,218,0.8932,232,่,1,232,0.8733,232,0.8974,232,0.9088,232(่):0.893 | 210(า):0.006 | 217(ู):0.003,1
PrintAksorn_dataset/test/mai_ek_Trirong-MediumItalic.png,232,่,218,0.4178,232,่,1,232,0.9077,184,0.1425,232,0.2606,232(่):0.418 | 237(ํ):0.052 | 184(ธ):0.050,0
PrintAksorn_dataset/test/mai_ek_Trirong-SemiBoldItalic.png,232,่,218,0.3493,232,่,1,232,0.9027,184,0.0869,237,0.0999,232(่):0.349 | 237(ํ):0.034 | 217(ู):0.034,0
PrintAksorn_dataset/test/mai_tho_Aksaramatee-Bold.png,233,้,219,0.8102,233,้,1,233,0.8022,233,0.7594,233,0.8689,233(้):0.810 | 209(ั):0.041 | 235(๋):0.009,1
PrintAksorn_dataset/test/mai_tho_Athiti-Light.png,233,้,219,0.345,233,้,1,187,0.1549,233,0.8648,186,0.2006,233(้):0.345 | 186(บ):0.090 | 187(ป):0.063,0
PrintAksorn_dataset/test/mai_tho_Ayuthaya.png,233,้,219,0.8804,233,้,1,233,0.8942,233,0.9091,233,0.8379,233(้):0.880 | 209(ั):0.005 | 235(๋):0.003,1
PrintAksorn_dataset/test/mai_tho_CmPrasanmit-Italic.png,233,้,219,0.6231,233,้,1,233,0.8841,233,0.6523,233,0.3328,233(้):0.623 | 209(ั):0.180 | 241(๑):0.017,1
PrintAksorn_dataset/test/mai_tho_Laksaman.png,233,้,219,0.8033,233,้,1,233,0.8463,233,0.9661,233,0.5976,233(้):0.803 | 241(๑):0.017 | 209(ั):0.008,1
PrintAksorn_dataset/test/mai_tho_Loma-Oblique.png,233,้,219,0.9227,233,้,1,233,0.9077,233,0.9535,233,0.9068,233(้):0.923 | 209(ั):0.008 | 173(ญ):0.002,1
PrintAksorn_dataset/test/mai_tho_Maitree-ExtraLight.png,233,้,219,0.8484,233,้,1,233,0.8557,233,0.9464,233,0.7433,233(้):0.848 | 209(ั):0.008 | 241(๑):0.005,1
PrintAksorn_dataset/test/mai_tho_Nakaracha-Bold-Italic.png,233,้,219,0.5538,233,้,1,233,0.8649,209,0.5938,233,0.4804,233(้):0.554 | 209(ั):0.290 | 173(ญ):0.004,0
PrintAksorn_dataset/test/mai_tho_NotoSansThai-SemiCondensed.png,233,้,219,0.3854,233,้,1,217,0.1605,233,0.9199,233,0.1886,233(้):0.385 | 217(ู):0.058 | 187(ป):0.031,0
PrintAksorn_dataset/test/mai_tho_NotoSansThai-SemiCondensedMedium.png,233,้,219,0.1931,233,้,1,217,0.1396,233,0.4085,233,0.1208,233(้):0.193 | 186(บ):0.077 | 217(ู):0.070,0
PrintAksorn_dataset/test/mai_tho_NotoSansThaiLooped-Black.png,233,้,219,0.595,233,้,1,233,0.8648,233,0.7224,233,0.1977,233(้):0.595 | 173(ญ):0.060 | 209(ั):0.034,1
PrintAksorn_dataset/test/mai_tho_NotoSansThaiLooped-Medium.png,233,้,219,0.7329,233,้,1,233,0.8899,233,0.7725,233,0.5365,233(้):0.733 | 209(ั):0.040 | 173(ญ):0.020,1
PrintAksorn_dataset/test/mai_tho_NotoSansThaiUI-Regular.png,233,้,219,0.3577,233,้,1,205,0.1033,233,0.813,233,0.2006,233(้):0.358 | 205(อ):0.038 | 187(ป):0.036,0
PrintAksorn_dataset/test/mai_tho_Taviraj-Black.png,233,้,219,0.5002,233,้,1,233,0.8668,233,0.4934,233,0.1404,233(้):0.500 | 209(ั):0.094 | 173(ญ):0.047,1
PrintAksorn_dataset/test/mai_tho_Taviraj-ExtraBoldItalic.png,233,้,219,0.5895,233,้,1,233,0.8913,233,0.5036,233,0.3736,233(้):0.589 | 209(ั):0.152 | 173(ญ):0.025,1
PrintAksorn_dataset/test/mai_tho_Taviraj-Light.png,233,้,219,0.728,233,้,1,233,0.8062,233,0.8844,233,0.4933,233(้):0.728 | 209(ั):0.045 | 241(๑):0.016,1
PrintAksorn_dataset/test/mai_tho_TlwgTypewriter-Oblique.png,233,้,219,0.6869,233,้,1,233,0.8998,209,0.5963,233,0.8489,233(้):0.687 | 209(ั):0.214 | 206(ฮ):0.004,0
PrintAksorn_dataset/test/mai_tho_TlwgTypewriter.png,233,้,219,0.6967,233,้,1,233,0.8958,209,0.5243,233,0.8652,233(้):0.697 | 209(ั):0.181 | 206(ฮ):0.006,0
PrintAksorn_dataset/test/mai_tho_TlwgTypist-Bold.png,209,ั,202,0.3737,233,้,0,233,0.8543,209,0.8015,209,0.2931,209(ั):0.374 | 233(้):0.373 | 247(๗):0.015,0
PrintAksorn_dataset/test/mai_tho_TlwgTypist.png,233,้,219,0.7802,233,้,1,233,0.8884,233,0.7998,233,0.6523,233(้):0.780 | 209(ั):0.090 | 208(ะ):0.004,1
PrintAksorn_dataset/test/mai_tho_Trirong-ExtraBold.png,233,้,219,0.6083,233,้,1,233,0.8609,233,0.7892,233,0.1748,233(้):0.608 | 173(ญ):0.033 | 209(ั):0.032,1
PrintAksorn_dataset/test/mai_tho_Trirong-Light.png,233,้,219,0.7041,233,้,1,233,0.802,233,0.8457,233,0.4645,233(้):0.704 | 209(ั):0.047 | 241(๑):0.015,1
PrintAksorn_dataset/test/mai_tho_Trirong-Thin.png,233,้,219,0.6731,233,้,1,233,0.7216,233,0.8731,233,0.4246,233(้):0.673 | 209(ั):0.043 | 241(๑):0.024,1
PrintAksorn_dataset/test/mai_tho_Umpush-Bold.png,233,้,219,0.7664,233,้,1,233,0.8955,233,0.787,233,0.6167,233(้):0.766 | 209(ั):0.067 | 241(๑):0.014,1
PrintAksorn_dataset/test/mai_tho_Umpush-Light.png,233,้,219,0.8558,233,้,1,233,0.9015,233,0.9389,233,0.727,233(้):0.856 | 209(ั):0.033 | 241(๑):0.004,1
PrintAksorn_dataset/test/mai_tho_Waree-BoldOblique.png,233,้,219,0.8216,233,้,1,233,0.9017,233,0.6853,233,0.8779,233(้):0.822 | 209(ั):0.071 | 206(ฮ):0.004,1
PrintAksorn_dataset/test/mai_tho_Waree.png,233,้,219,0.8713,233,้,1,233,0.8823,233,0.8371,233,0.8946,233(้):0.871 | 209(ั):0.027 | 173(ญ):0.003,1
PrintAksorn_dataset/test/mai_tri_Athiti-ExtraLight.png,243,๓,304,0.1631,234,๊,0,183,0.1294,234,0.2907,243,0.4513,243(๓):0.163 | 234(๊):0.108 | 247(๗):0.107,0
PrintAksorn_dataset/test/mai_tri_JS-Padachamai-Normal.png,234,๊,220,0.7146,234,๊,1,234,0.808,234,0.7388,234,0.5969,234(๊):0.715 | 178(ฒ):0.054 | 247(๗):0.042,1
PrintAksorn_dataset/test/mai_tri_JS-Pisit-Italic.png,234,๊,220,0.5869,234,๊,1,234,0.7621,234,0.8458,247,0.6506,234(๊):0.587 | 247(๗):0.219 | 178(ฒ):0.027,0
PrintAksorn_dataset/test/mai_tri_JS-Pitsanu.png,234,๊,220,0.4793,234,๊,1,234,0.4335,234,0.8532,247,0.4565,234(๊):0.479 | 247(๗):0.156 | 178(ฒ):0.044,0
PrintAksorn_dataset/test/mai_tri_JS-Pranee-Italic.png,234,๊,220,0.7883,234,๊,1,234,0.8178,234,0.9306,234,0.6165,234(๊):0.788 | 247(๗):0.026 | 178(ฒ):0.013,1
PrintAksorn_dataset/test/mai_tri_JS-Puriphop-Normal.png,234,๊,220,0.7762,234,๊,1,234,0.7578,234,0.9341,234,0.6368,234(๊):0.776 | 247(๗):0.071 | 178(ฒ):0.015,1
PrintAksorn_dataset/test/mai_tri_NotoSansThai-ExtraBold.png,214,ึ,206,0.1342,234,๊,0,234,0.137,178,0.2785,247,0.178,214(ึ):0.134 | 178(ฒ):0.104 | 243(๓):0.063,0
PrintAksorn_dataset/test/mai_tri_NotoSansThai-ExtraCondensedLight.png,243,๓,304,0.3516,234,๊,0,243,0.2672,178,0.3367,243,0.7848,243(๓):0.352 | 234(๊):0.117 | 178(ฒ):0.115,0
PrintAksorn_dataset/test/mai_tri_NotoSansThai-Medium.png,243,๓,304,0.3322,234,๊,0,243,0.228,178,0.6377,243,0.7659,243(๓):0.332 | 178(ฒ):0.216 | 234(๊):0.064,0
PrintAksorn_dataset/test/mai_tri_NotoSansThai-Regular.png,243,๓,304,0.3098,234,๊,0,243,0.224,178,0.5651,243,0.7027,243(๓):0.310 | 178(ฒ):0.191 | 234(๊):0.073,0
PrintAksorn_dataset/test/mai_tri_NotoSansThai-SemiCondensedExtraBold.png,243,๓,304,0.1282,234,๊,0,171,0.1193,178,0.2937,243,0.3292,243(๓):0.128 | 214(ึ):0.113 | 178(ฒ):0.105,0
PrintAksorn_dataset/test/mai_tri_NotoSansThai-SemiCondensedSemiBold.png,243,๓,304,0.2662,234,๊,0,243,0.2862,178,0.4887,243,0.5094,243(๓):0.266 | 178(ฒ):0.168 | 234(๊):0.083,0
PrintAksorn_dataset/test/mai_tri_Sawasdee-Oblique.png,171,ซ,109,0.1249,234,๊,0,234,0.1815,171,0.3585,247,0.3248,171(ซ):0.125 | 247(๗):0.110 | 234(๊):0.106,0
PrintAksorn_dataset/test/mai_tri_TH-Baijam-Regular.png,234,๊,220,0.5468,234,๊,1,234,0.2425,234,0.8956,234,0.5021,234(๊):0.547 | 247(๗):0.105 | 178(ฒ):0.055,1
PrintAksorn_dataset/test/mai_tri_Taviraj-ExtraBold.png,234,๊,220,0.3281,234,๊,1,234,0.392,234,0.5726,247,0.735,234(๊):0.328 | 247(๗):0.248 | 178(ฒ):0.138,0
PrintAksorn_dataset/test/mai_tri_Taviraj-Italic.png,234,๊,220,0.4766,234,๊,1,234,0.5613,234,0.8647,247,0.8941,234(๊):0.477 | 247(๗):0.302 | 178(ฒ):0.017,0
PrintAksorn_dataset/test/mai_tri_Taviraj-SemiBold.png,234,๊,220,0.3583,234,๊,1,234,0.402,234,0.6555,247,0.7941,234(๊):0.358 | 247(๗):0.268 | 178(ฒ):0.089,0
PrintAksorn_dataset/test/mai_tri_Taviraj-SemiBoldItalic.png,234,๊,220,0.4621,234,๊,1,234,0.5627,234,0.8091,247,0.8207,234(๊):0.462 | 247(๗):0.276 | 178(ฒ):0.047,0
PrintAksorn_dataset/test/mai_tri_Trirong-Black.png,178,ฒ,114,0.3111,234,๊,0,234,0.3692,178,0.7504,247,0.6602,178(ฒ):0.311 | 247(๗):0.223 | 234(๊):0.180,0
PrintAksorn_dataset/test/mai_tri_Trirong-ExtraBoldItalic.png,234,๊,220,0.3628,234,๊,1,234,0.4507,234,0.6281,247,0.8486,234(๊):0.363 | 247(๗):0.286 | 178(ฒ):0.100,0
PrintAksorn_dataset/test/mai_tri_Trirong-LightItalic.png,234,๊,220,0.4284,234,๊,1,234,0.4396,234,0.8435,247,0.909,234(๊):0.428 | 247(๗):0.308 | 178(ฒ):0.031,0
PrintAksorn_dataset/test/mai_tri_Trirong-Regular.png,234,๊,220,0.3869,234,๊,1,234,0.3847,234,0.7598,247,0.8326,234(๊):0.387 | 247(๗):0.282 | 178(ฒ):0.051,0
PrintAksorn_dataset/test/mai_tri_Trirong-SemiBold.png,234,๊,220,0.3749,234,๊,1,234,0.4157,234,0.6929,247,0.8342,234(๊):0.375 | 247(๗):0.282 | 178(ฒ):0.067,0
PrintAksorn_dataset/test/mai_tri_Umpush-LightOblique.png,234,๊,220,0.6247,234,๊,1,234,0.8229,234,0.9533,247,0.7498,234(๊):0.625 | 247(๗):0.251 | 178(ฒ):0.009,0
PrintAksorn_dataset/test/mai_tri_Waree-Bold.png,234,๊,220,0.5917,234,๊,1,234,0.623,234,0.8421,247,0.466,234(๊):0.592 | 247(๗):0.157 | 178(ฒ):0.041,0
PrintAksorn_dataset/test/maihan-akat_Aksaramatee-Italic.png,209,ั,202,0.9033,209,ั,1,209,0.8779,209,0.9057,209,0.9262,209(ั):0.903 | 208(ะ):0.003 | 205(อ):0.002,1
PrintAksorn_dataset/test/maihan-akat_Athiti-Regular.png,209,ั,202,0.7402,209,ั,1,209,0.7906,209,0.6234,209,0.8065,209(ั):0.740 | 235(๋):0.024 | 186(บ):0.017,1
PrintAksorn_dataset/test/maihan-akat_ChulaNarak-Bold.png,209,ั,202,0.9074,209,ั,1,209,0.8968,209,0.9172,209,0.9082,209(ั):0.907 | 233(้):0.002 | 208(ะ):0.002,1
PrintAksorn_dataset/test/maihan-akat_CmPrasanmit-Bold-Italic.png,209,ั,202,0.9141,209,ั,1,209,0.8947,209,0.92,209,0.9277,209(ั):0.914 | 214(ึ):0.002 | 208(ะ):0.002,1
PrintAksorn_dataset/test/maihan-akat_DC-Palamongkol-Bold.png,209,ั,202,0.7322,209,ั,1,209,0.9036,209,0.8696,209,0.4233,209(ั):0.732 | 214(ึ):0.014 | 247(๗):0.012,1
PrintAksorn_dataset/test/maihan-akat_DC-Palamongkol-Italic.png,209,ั,202,0.9099,209,ั,1,209,0.8992,209,0.8988,209,0.9316,209(ั):0.910 | 208(ะ):0.004 | 205(อ):0.002,1
PrintAksorn_dataset/test/maihan-akat_FonLeb-Bold.png,209,ั,202,0.8926,209,ั,1,209,0.8823,209,0.9367,209,0.8588,209(ั):0.893 | 214(ึ):0.003 | 233(้):0.002,1
PrintAksorn_dataset/test/maihan-akat_FonLeb-Italic.png,209,ั,202,0.8919,209,ั,1,209,0.8849,209,0.8991,209,0.8916,209(ั):0.892 | 214(ึ):0.003 | 244(๔):0.003,1
PrintAksorn_dataset/test/maihan-akat_Garuda-Bold.png,209,ั,202,0.875,209,ั,1,209,0.8901,209,0.9064,209,0.8285,209(ั):0.875 | 214(ึ):0.004 | 207(ฯ):0.004,1
PrintAksorn_dataset/test/maihan-akat_Himmaparnt-Italic.png,209,ั,202,0.9192,209,ั,1,209,0.8945,209,0.9246,209,0.9386,209(ั):0.919 | 208(ะ):0.002 | 240(๐):0.002,1
PrintAksorn_dataset/test/maitaikhu_Aksaramatee-Italic.png,231,็,217,0.4728,231,็,1,231,0.4866,231,0.9136,248,0.8705,231(็):0.473 | 248(๘):0.325 | 244(๔):0.010,0
PrintAksorn_dataset/test/maitaikhu_Athiti-Medium.png,231,็,217,0.432,231,็,1,231,0.2528,231,0.7799,248,0.528,231(็):0.432 | 248(๘):0.220 | 247(๗):0.034,0
PrintAksorn_dataset/test/maitaikhu_ChulaNarak-Regular.png,231,็,217,0.5923,231,็,1,231,0.7608,231,0.8795,248,0.7132,231(็):0.592 | 248(๘):0.256 | 236(์):0.006,0
PrintAksorn_dataset/test/maitaikhu_JS-Arisa.png,231,็,217,0.5471,231,็,1,231,0.6938,231,0.9204,248,0.7789,231(็):0.547 | 248(๘):0.289 | 236(์):0.004,0
PrintAksorn_dataset/test/maitaikhu_JS-Chusri-Normal.png,231,็,217,0.3627,231,็,1,231,0.6673,231,0.3557,248,0.7311,231(็):0.363 | 248(๘):0.284 | 214(ึ):0.068,0
PrintAksorn_dataset/test/maitaikhu_JS-Jindara-Bold-Italic.png,231,็,217,0.5436,231,็,1,231,0.8129,231,0.8052,248,0.9146,231(็):0.544 | 248(๘):0.339 | 214(ึ):0.009,0
PrintAksorn_dataset/test/maitaikhu_JS-Junkaew.png,231,็,217,0.5068,231,็,1,231,0.6297,231,0.8683,248,0.8774,231(็):0.507 | 248(๘):0.318 | 236(์):0.008,0
PrintAksorn_dataset/test/maitaikhu_Kanit-MediumItalic.png,231,็,217,0.4539,231,็,1,231,0.7155,231,0.6393,248,0.4079,231(็):0.454 | 248(๘):0.146 | 244(๔):0.123,0
PrintAksorn_dataset/test/maitaikhu_Kanit-Regular.png,231,็,217,0.3972,231,็,1,231,0.6672,231,0.5163,244,0.438,231(็):0.397 | 244(๔):0.149 | 248(๘):0.117,0
PrintAksorn_dataset/test/maitaikhu_Kanit-SemiBold.png,231,็,217,0.2694,231,็,1,231,0.4791,212,0.3334,244,0.6766,231(็):0.269 | 244(๔):0.231 | 212(ิ):0.114,0
PrintAksorn_dataset/test/maitaikhu_Kanit-Thin.png,231,็,217,0.3892,231,็,1,231,0.3941,231,0.771,248,0.3939,231(็):0.389 | 248(๘):0.141 | 244(๔):0.137,0
PrintAksorn_dataset/test/maitaikhu_Kanit-ThinItalic.png,231,็,217,0.354,231,็,1,231,0.4495,231,0.6084,244,0.4833,231(็):0.354 | 244(๔):0.167 | 248(๘):0.109,0
PrintAksorn_dataset/test/maitaikhu_Kinnari-BoldItalic.png,231,็,217,0.548,231,็,1,231,0.7718,231,0.8664,248,0.8693,231(็):0.548 | 248(๘):0.323 | 236(์):0.003,0
PrintAksorn_dataset/test/maitaikhu_Kinnari.png,231,็,217,0.5286,231,็,1,231,0.6678,231,0.9133,248,0.8837,231(็):0.529 | 248(๘):0.352 | 243(๓):0.004,0
PrintAksorn_dataset/test/maitaikhu_Laksaman-BoldItalic.png,231,็,217,0.484,231,็,1,231,0.4829,231,0.8832,248,0.7485,231(็):0.484 | 248(๘):0.376 | 214(ึ):0.004,0
PrintAksorn_dataset/test/maitaikhu_Loma-BoldOblique.png,231,็,217,0.5612,231,็,1,231,0.7886,231,0.8823,248,0.9196,231(็):0.561 | 248(๘):0.326 | 236(์):0.005,0
PrintAksorn_dataset/test/maitaikhu_Maitree-Medium.png,231,็,217,0.4526,231,็,1,231,0.7041,231,0.6486,248,0.9217,231(็):0.453 | 248(๘):0.327 | 214(ึ):0.055,0
PrintAksorn_dataset/test/mo_ma_Athiti-Medium.png,186,บ,122,0.536,193,ม,0,186,0.5116,186,0.7784,186,0.3181,186(บ):0.536 | 187(ป):0.044 | 194(ย):0.034,1
PrintAksorn_dataset/test/mo_ma_JS-Prasoplarp-Italic.png,193,ม,129,0.9027,193,ม,1,193,0.8858,193,0.8893,193,0.933,193(ม):0.903 | 192(ภ):0.003 | 190(พ):0.002,1
PrintAksorn_dataset/test/mo_ma_JS-Puchong-Normal.png,186,บ,122,0.3018,193,ม,0,186,0.3051,186,0.5351,188,0.1117,186(บ):0.302 | 193(ม):0.089 | 188(ผ):0.061,0
PrintAksorn_dataset/test/mo_ma_JS-Rapee-Bold.png,193,ม,129,0.8649,193,ม,1,193,0.9021,193,0.868,193,0.8246,193(ม):0.865 | 173(ญ):0.006 | 192(ภ):0.004,1
PrintAksorn_dataset/test/ngo_ngu_CmPrasanmit-Bold.png,167,ง,105,0.9465,167,ง,1,167,0.9054,167,0.966,167,0.9681,167(ง):0.947 | 205(อ):0.001 | 168(จ):0.001,1
PrintAksorn_dataset/test/ngo_ngu_KaniGa-Bold-Italic.png,167,ง,105,0.9489,167,ง,1,167,0.9084,167,0.9804,167,0.9579,167(ง):0.949 | 162(ข):0.001 | 187(ป):0.001,1
PrintAksorn_dataset/test/ngo_ngu_Kanit-Black.png,205,อ,140,0.1925,167,ง,0,205,0.1969,205,0.3628,246,0.3356,205(อ):0.193 | 246(๖):0.121 | 242(๒):0.110,0
PrintAksorn_dataset/test/ngo_ngu_Kanit-ExtraLightItalic.png,186,บ,122,0.1663,167,ง,0,240,0.0782,186,0.4692,242,0.178,186(บ):0.166 | 242(๒):0.064 | 167(ง):0.054,0
PrintAksorn_dataset/test/ngo_ngu_Kanit-Light.png,186,บ,122,0.1446,167,ง,0,240,0.2106,186,0.4237,246,0.389,186(บ):0.145 | 246(๖):0.135 | 240(๐):0.096,0
PrintAksorn_dataset/test/ngo_ngu_Kanit-SemiBoldItalic.png,205,อ,140,0.1566,167,ง,0,233,0.0774,205,0.3806,242,0.2667,205(อ):0.157 | 242(๒):0.093 | 241(๑):0.042,0
PrintAksorn_dataset/test/ngo_ngu_Kinnari-Italic.png,167,ง,105,0.8508,167,ง,1,167,0.8466,167,0.9376,167,0.7681,167(ง):0.851 | 162(ข):0.008 | 168(จ):0.007,1
PrintAksorn_dataset/test/no_nen_Athiti-Light.png,179,ณ,115,0.3185,179,ณ,1,173,0.7395,179,0.5612,179,0.3336,179(ณ):0.319 | 173(ญ):0.273 | 172(ฌ):0.072,0
PrintAksorn_dataset/test/no_nen_Chonburi-Regular.png,179,ณ,115,0.447,179,ณ,1,179,0.6133,179,0.6182,179,0.1096,179(ณ):0.447 | 173(ญ):0.038 | 172(ฌ):0.035,1
PrintAksorn_dataset/test/no_nen_DC-Palamongkol-Bold-Italic.png,179,ณ,115,0.7128,179,ณ,1,179,0.8562,179,0.8085,179,0.4737,179(ณ):0.713 | 243(๓):0.012 | 187(ป):0.010,1
PrintAksorn_dataset/test/no_nen_FonLeb-Regular.png,179,ณ,115,0.8269,179,ณ,1,179,0.8845,179,0.7872,179,0.809,179(ณ):0.827 | 173(ญ):0.010 | 172(ฌ):0.009,1
PrintAksorn_dataset/test/no_nen_JS-Korakhot-Normal.png,179,ณ,115,0.8163,179,ณ,1,179,0.8683,179,0.9024,179,0.6781,179(ณ):0.816 | 243(๓):0.007 | 187(ป):0.005,1
PrintAksorn_dataset/test/no_nen_JS-Padachamai-Normal.png,179,ณ,115,0.8728,179,ณ,1,179,0.8988,179,0.8969,179,0.8226,179(ณ):0.873 | 178(ฒ):0.003 | 243(๓):0.003,1
PrintAksorn_dataset/test/no_nen_JS-Prapakorn-Normal.png,173,ญ,110,0.2265,179,ณ,0,173,0.5844,172,0.4232,179,0.2525,173(ญ):0.227 | 179(ณ):0.191 | 172(ฌ):0.150,0
PrintAksorn_dataset/test/no_nen_JS-Sadayu-Allcaps.png,179,ณ,115,0.8169,179,ณ,1,179,0.8813,179,0.7641,179,0.8055,179(ณ):0.817 | 173(ญ):0.007 | 185(น):0.005,1
PrintAksorn_dataset/test/no_nu_Athiti-Bold.png,186,บ,122,0.1959,185,น,0,186,0.4961,188,0.1695,188,0.2725,186(บ):0.196 | 188(ผ):0.149 | 187(ป):0.037,0
PrintAksorn_dataset/test/no_nu_Kanit-Bold.png,186,บ,122,0.1798,185,น,0,186,0.4643,187,0.1292,188,0.2271,186(บ):0.180 | 188(ผ):0.110 | 187(ป):0.046,0
PrintAksorn_dataset/test/no_nu_Kanit-ExtraLight.png,186,บ,122,0.3481,185,น,0,186,0.3549,186,0.5897,186,0.0997,186(บ):0.348 | 187(ป):0.066 | 203(ห):0.045,1
PrintAksorn_dataset/test/no_nu_Kanit-Italic.png,186,บ,122,0.2692,185,น,0,186,0.4771,203,0.3034,188,0.1315,186(บ):0.269 | 203(ห):0.104 | 188(ผ):0.052,0
PrintAksorn_dataset/test/no_nu_Kanit-Thin.png,186,บ,122,0.2779,185,น,0,186,0.1818,186,0.5708,224,0.1012,186(บ):0.278 | 187(ป):0.072 | 203(ห):0.062,0
PrintAksorn_dataset/test/no_nu_Kinnari-BoldItalic.png,185,น,121,0.6712,185,น,1,185,0.9014,185,0.8327,185,0.2795,185(น):0.671 | 193(ม):0.031 | 179(ณ):0.026,1
PrintAksorn_dataset/test/no_nu_Krungthep.png,185,น,121,0.4944,185,น,1,185,0.9156,185,0.4766,179,0.2031,185(น):0.494 | 179(ณ):0.117 | 188(ผ):0.029,0
PrintAksorn_dataset/test/no_nu_Norasi-Italic.png,185,น,121,0.8844,185,น,1,185,0.9127,185,0.9395,185,0.8012,185(น):0.884 | 179(ณ):0.009 | 193(ม):0.007,1
PrintAksorn_dataset/test/no_nu_NotoSansThai-CondensedThin.png,203,ห,138,0.2257,185,น,0,186,0.1155,203,0.6631,224,0.1139,203(ห):0.226 | 186(บ):0.099 | 194(ย):0.051,0
PrintAksorn_dataset/test/o_ang_Athiti-Regular.png,205,อ,140,0.6291,205,อ,1,205,0.5577,205,0.8444,205,0.4852,205(อ):0.629 | 240(๐):0.047 | 246(๖):0.026,1
PrintAksorn_dataset/test/o_ang_Chonburi-Regular.png,205,อ,140,0.4769,205,อ,1,205,0.7039,205,0.5769,241,0.3247,205(อ):0.477 | 241(๑):0.110 | 169(ฉ):0.047,0
PrintAksorn_dataset/test/o_ang_ChulaNarak-Italic.png,205,อ,140,0.9063,205,อ,1,205,0.8872,205,0.956,205,0.8757,205(อ):0.906 | 182(ถ):0.004 | 168(จ):0.002,1
PrintAksorn_dataset/test/o_ang_CmPrasanmit-Bold.png,205,อ,140,0.9029,205,อ,1,205,0.9112,205,0.9018,205,0.8958,205(อ):0.903 | 180(ด):0.003 | 206(ฮ):0.003,1
PrintAksorn_dataset/test/o_ang_CmPrasanmit-Italic.png,205,อ,140,0.9382,205,อ,1,205,0.9047,205,0.9623,205,0.9476,205(อ):0.938 | 182(ถ):0.001 | 180(ด):0.001,1
PrintAksorn_dataset/test/o_ang_DC-Palamongkol-Bold.png,205,อ,140,0.8548,205,อ,1,205,0.8953,205,0.8688,205,0.8003,205(อ):0.855 | 182(ถ):0.009 | 246(๖):0.006,1
PrintAksorn_dataset/test/o_ang_FonLeb-Italic.png,205,อ,140,0.8996,205,อ,1,205,0.8933,205,0.9257,205,0.8798,205(อ):0.900 | 180(ด):0.004 | 182(ถ):0.002,1
PrintAksorn_dataset/test/pho_phan_Athiti-Light.png,188,ผ,124,0.2804,190,พ,0,188,0.2381,190,0.5482,188,0.2776,188(ผ):0.280 | 190(พ):0.195 | 189(ฝ):0.068,0
PrintAksorn_dataset/test/pho_phan_Athiti-Regular.png,188,ผ,124,0.3356,190,พ,0,188,0.2807,190,0.5227,188,0.4004,188(ผ):0.336 | 190(พ):0.192 | 191(ฟ):0.061,0
PrintAksorn_dataset/test/pho_phan_ChulaNarak-Bold-Italic.png,190,พ,126,0.8664,190,พ,1,190,0.921,190,0.7926,190,0.8855,190(พ):0.866 | 191(ฟ):0.025 | 188(ผ):0.010,1
PrintAksorn_dataset/test/pho_phan_CmPrasanmit-Bold.png,190,พ,126,0.896,190,พ,1,190,0.9215,190,0.8611,190,0.9054,190(พ):0.896 | 191(ฟ):0.010 | 188(ผ):0.010,1
PrintAksorn_dataset/test/pho_phan_FonLeb-Bold.png,190,พ,126,0.8778,190,พ,1,190,0.8963,190,0.8407,190,0.8962,190(พ):0.878 | 188(ผ):0.016 | 191(ฟ):0.007,1
PrintAksorn_dataset/test/pho_phan_JS-Pranee-Italic.png,190,พ,126,0.3591,190,พ,1,190,0.7116,190,0.3265,247,0.6932,190(พ):0.359 | 247(๗):0.233 | 203(ห):0.089,0
PrintAksorn_dataset/test/pho_phan_JS-Prasoplarp-Normal.png,190,พ,126,0.8784,190,พ,1,190,0.9122,190,0.869,190,0.854,190(พ):0.878 | 191(ฟ):0.017 | 188(ผ):0.010,1
PrintAksorn_dataset/test/pho_phan_JS-Rapee-Italic.png,190,พ,126,0.8484,190,พ,1,190,0.8913,190,0.782,190,0.8718,190(พ):0.848 | 191(ฟ):0.028 | 188(ผ):0.011,1
PrintAksorn_dataset/test/pho_phan_Kinnari-BoldItalic.png,190,พ,126,0.839,190,พ,1,190,0.9122,190,0.6984,190,0.9063,190(พ):0.839 | 191(ฟ):0.022 | 188(ผ):0.021,1
PrintAksorn_dataset/test/pho_phan_Laksaman-Bold.png,190,พ,126,0.8822,190,พ,1,190,0.9063,190,0.8756,190,0.8647,190(พ):0.882 | 188(ผ):0.014 | 191(ฟ):0.011,1
PrintAksorn_dataset/test/pho_phan_Laksaman-Italic.png,190,พ,126,0.8481,190,พ,1,190,0.8718,190,0.7843,190,0.8882,190(พ):0.848 | 191(ฟ):0.031 | 188(ผ):0.009,1
PrintAksorn_dataset/test/pho_phan_NotoSerifThai-ExtraCondensedExtraBold.png,190,พ,126,0.8813,190,พ,1,190,0.9077,190,0.8135,190,0.9227,190(พ):0.881 | 191(ฟ):0.011 | 188(ผ):0.006,1
PrintAksorn_dataset/test/pho_phan_NotoSerifThai-ExtraCondensedSemiBold.png,190,พ,126,0.8921,190,พ,1,190,0.9135,190,0.8558,190,0.907,190(พ):0.892 | 188(ผ):0.011 | 191(ฟ):0.008,1
PrintAksorn_dataset/test/pho_phan_NotoSerifThai-SemiCondensed.png,190,พ,126,0.8772,190,พ,1,190,0.8998,190,0.9026,190,0.8291,190(พ):0.877 | 188(ผ):0.015 | 191(ฟ):0.007,1
PrintAksorn_dataset/test/pho_phan_Taviraj-LightItalic.png,190,พ,126,0.8212,190,พ,1,190,0.8637,190,0.812,190,0.7879,190(พ):0.821 | 191(ฟ):0.017 | 188(ผ):0.017,1
PrintAksorn_dataset/test/pho_phan_Taviraj-Regular.png,190,พ,126,0.8762,190,พ,1,190,0.8877,190,0.851,190,0.8898,190(พ):0.876 | 191(ฟ):0.012 | 188(ผ):0.009,1
PrintAksorn_dataset/test/pho_phan_Taviraj-Thin.png,190,พ,126,0.8859,190,พ,1,190,0.8871,190,0.8944,190,0.8764,190(พ):0.886 | 188(ผ):0.009 | 191(ฟ):0.006,1
PrintAksorn_dataset/test/pho_phan_Trirong-ExtraLightItalic.png,190,พ,126,0.8042,190,พ,1,190,0.8356,190,0.8312,190,0.7457,190(พ):0.804 | 188(ผ):0.027 | 191(ฟ):0.016,1
PrintAksorn_dataset/test/pho_phan_Trirong-MediumItalic.png,190,พ,126,0.7996,190,พ,1,190,0.8986,190,0.751,190,0.7491,190(พ):0.800 | 188(ผ):0.027 | 191(ฟ):0.017,1
PrintAksorn_dataset/test/pho_phan_Trirong-Thin.png,190,พ,126,0.8717,190,พ,1,190,0.8942,190,0.8839,190,0.837,190(พ):0.872 | 188(ผ):0.017 | 191(ฟ):0.006,1
PrintAksorn_dataset/test/pho_phan_Umpush-BoldOblique.png,190,พ,126,0.8702,190,พ,1,190,0.897,190,0.8087,190,0.9048,190(พ):0.870 | 191(ฟ):0.021 | 188(ผ):0.007,1
PrintAksorn_dataset/test/pho_phueng_FonLeb-Bold-Italic.png,188,ผ,124,0.8827,188,ผ,1,188,0.8764,188,0.8277,188,0.9441,188(ผ):0.883 | 189(ฝ):0.012 | 190(พ):0.007,1
PrintAksorn_dataset/test/pho_phueng_Garuda-Bold.png,188,ผ,124,0.8402,188,ผ,1,188,0.94,188,0.7634,188,0.8172,188(ผ):0.840 | 189(ฝ):0.013 | 178(ฒ):0.004,1
PrintAksorn_dataset/test/pho_phueng_Himmaparnt-Bold.png,188,ผ,124,0.8511,188,ผ,1,188,0.797,188,0.8404,188,0.9158,188(ผ):0.851 | 181(ต):0.006 | 189(ฝ):0.005,1
PrintAksorn_dataset/test/pho_phueng_JS-75-Pumpuang.png,190,พ,126,0.3876,188,ผ,0,190,0.7653,190,0.3409,247,0.2135,190(พ):0.388 | 247(๗):0.073 | 203(ห):0.071,0
PrintAksorn_dataset/test/pho_phueng_JS-Charnchai-Normal.png,188,ผ,124,0.8768,188,ผ,1,188,0.8902,188,0.8722,188,0.8681,188(ผ):0.877 | 189(ฝ):0.006 | 178(ฒ):0.003,1
PrintAksorn_dataset/test/pho_phueng_Kanit-SemiBoldItalic.png,188,ผ,124,0.7415,188,ผ,1,188,0.8677,188,0.6388,188,0.718,188(ผ):0.742 | 189(ฝ):0.031 | 178(ฒ):0.014,1
PrintAksorn_dataset/test/pho_phueng_Kinnari-Oblique.png,188,ผ,124,0.8801,188,ผ,1,188,0.843,188,0.8806,188,0.9169,188(ผ):0.880 | 189(ฝ):0.007 | 181(ต):0.003,1
PrintAksorn_dataset/test/pho_phueng_Laksaman-Italic.png,188,ผ,124,0.8761,188,ผ,1,188,0.8766,188,0.8911,188,0.8605,188(ผ):0.876 | 189(ฝ):0.013 | 194(ย):0.004,1
PrintAksorn_dataset/test/pho_phueng_NotoSansThai-ExtraCondensedLight.png,188,ผ,124,0.3806,188,ผ,1,189,0.3942,188,0.7577,189,0.3725,188(ผ):0.381 | 189(ฝ):0.278 | 191(ฟ):0.021,0
PrintAksorn_dataset/test/pho_phueng_NotoSansThai-SemiBold.png,188,ผ,124,0.7993,188,ผ,1,188,0.8098,188,0.7285,188,0.8597,188(ผ):0.799 | 189(ฝ):0.033 | 191(ฟ):0.004,1
PrintAksorn_dataset/test/pho_phueng_NotoSansThai-SemiCondensedExtraLight.png,188,ผ,124,0.5865,188,ผ,1,188,0.4968,188,0.7966,188,0.4661,188(ผ):0.587 | 189(ฝ):0.091 | 191(ฟ):0.020,1
PrintAksorn_dataset/test/pho_phueng_NotoSansThai-SemiCondensedSemiBold.png,188,ผ,124,0.794,188,ผ,1,188,0.8176,188,0.7317,188,0.8327,188(ผ):0.794 | 189(ฝ):0.024 | 172(ฌ):0.005,1
PrintAksorn_dataset/test/pho_phueng_NotoSansThaiLooped-ExtraBold.png,188,ผ,124,0.8345,188,ผ,1,188,0.904,188,0.8224,188,0.777,188(ผ):0.834 | 189(ฝ):0.016 | 190(พ):0.006,1
PrintAksorn_dataset/test/pho_phueng_NotoSansThaiLooped-SemiBold.png,188,ผ,124,0.8565,188,ผ,1,188,0.9199,188,0.7823,188,0.8673,188(ผ):0.856 | 189(ฝ):0.024 | 205(อ):0.003,1
PrintAksorn_dataset/test/sara_a_Aksaramatee-Italic.png,208,ะ,,0.5821,208,ะ,1,249,0.3287,208,0.8737,208,0.866,208(ะ):0.582 | 249(๙):0.111 | 245(๕):0.023,0
PrintAksorn_dataset/test/sara_a_Aksaramatee-Regular.png,208,ะ,,0.5695,208,ะ,1,249,0.2982,208,0.8439,208,0.8572,208(ะ):0.570 | 249(๙):0.101 | 244(๔):0.023,0
PrintAksorn_dataset/test/sara_a_Athiti-Light.png,208,ะ,,0.566,208,ะ,1,209,0.0879,208,0.8518,208,0.8301,208(ะ):0.566 | 209(ั):0.032 | 231(็):0.031,0
PrintAksorn_dataset/test/sara_a_Athiti-Regular.png,208,ะ,,0.5792,208,ะ,1,231,0.1157,208,0.8633,208,0.8605,208(ะ):0.579 | 231(็):0.040 | 209(ั):0.038,0
PrintAksorn_dataset/test/sara_a_Ayuthaya.png,208,ะ,,0.5882,208,ะ,1,244,0.1155,208,0.8787,208,0.8729,208(ะ):0.588 | 244(๔):0.040 | 209(ั):0.033,0
PrintAksorn_dataset/test/sara_a_ChulaNarak-Italic.png,208,ะ,,0.5959,208,ะ,1,209,0.3581,208,0.8933,208,0.885,208(ะ):0.596 | 209(ั):0.123 | 236(์):0.020,0
PrintAksorn_dataset/test/sara_a_Himmaparnt-Italic.png,208,ะ,,0.5834,208,ะ,1,209,0.0979,208,0.8783,208,0.8604,208(ะ):0.583 | 209(ั):0.035 | 249(๙):0.032,0
PrintAksorn_dataset/test/sara_a_JS-Arisa-Italic.png,208,ะ,,0.5994,208,ะ,1,209,0.2566,208,0.8986,208,0.8888,208(ะ):0.599 | 209(ั):0.088 | 244(๔):0.023,0
PrintAksorn_dataset/test/sara_a_JS-Charnchai-Normal.png,208,ะ,,0.6112,208,ะ,1,244,0.0912,208,0.8929,208,0.9276,208(ะ):0.611 | 244(๔):0.031 | 209(ั):0.026,0
PrintAksorn_dataset/test/sara_a_JS-Chusri-Normal.png,208,ะ,,0.6075,208,ะ,1,209,0.2548,208,0.9063,208,0.9051,208(ะ):0.607 | 209(ั):0.086 | 249(๙):0.022,0
PrintAksorn_dataset/test/sara_a_JS-Jindara-Normal.png,208,ะ,,0.6084,208,ะ,1,209,0.0945,208,0.8962,208,0.9153,208(ะ):0.608 | 209(ั):0.033 | 244(๔):0.025,0
PrintAksorn_dataset/test/sara_a_JS-Jukaphan.png,208,ะ,,0.6147,208,ะ,1,209,0.0996,208,0.9069,208,0.9244,208(ะ):0.615 | 209(ั):0.034 | 207(ฯ):0.022,0
PrintAksorn_dataset/test/sara_a_JS-Obsaward-Italic.png,208,ะ,,0.5562,208,ะ,1,195,0.2978,208,0.8961,208,0.7635,208(ะ):0.556 | 195(ร):0.101 | 236(์):0.055,0
PrintAksorn_dataset/test/thanthakhat_Aksaramatee-Bold-Italic.png,236,์,221,0.9009,236,์,1,236,0.9048,236,0.9256,236,0.8723,236(์):0.901 | 248(๘):0.005 | 209(ั):0.003,1
PrintAksorn_dataset/test/thanthakhat_JS-Sunsanee-Normal.png,236,์,221,0.8673,236,์,1,236,0.8502,236,0.8971,236,0.8547,236(์):0.867 | 224(เ):0.012 | 195(ร):0.003,1
PrintAksorn_dataset/test/thanthakhat_JS-Thanaporn-Normal.png,235,๋,,0.1637,236,์,0,232,0.2556,235,0.4774,212,0.0861,235(๋):0.164 | 232(่):0.092 | 236(์):0.086,0
PrintAksorn_dataset/test/thanthakhat_JS-Wansika-Italic.png,236,์,221,0.6343,236,์,1,236,0.3645,236,0.8857,236,0.6527,236(์):0.634 | 231(็):0.054 | 209(ั):0.040,1
PrintAksorn_dataset/test/thanthakhat_JS-Yodthida-Italic.png,236,์,221,0.6192,236,์,1,236,0.3821,236,0.9153,236,0.5601,236(์):0.619 | 224(เ):0.075 | 249(๙):0.027,1
PrintAksorn_dataset/test/thanthakhat_KaniGa-Bold.png,236,์,221,0.7628,236,์,1,236,0.9176,236,0.9375,236,0.4334,236(์):0.763 | 231(็):0.035 | 248(๘):0.011,1
PrintAksorn_dataset/test/thanthakhat_KaniGa-Italic.png,236,์,221,0.8016,236,์,1,236,0.9095,236,0.9682,236,0.5271,236(์):0.802 | 237(ํ):0.012 | 241(๑):0.011,1
PrintAksorn_dataset/test/thanthakhat_Kanit-Black.png,232,่,218,0.1916,236,์,0,232,0.5652,169,0.1828,163,0.109,232(่):0.192 | 169(ฉ):0.068 | 163(ฃ):0.063,0
PrintAksorn_dataset/test/thanthakhat_Kanit-BlackItalic.png,232,่,218,0.0963,236,์,0,232,0.2818,205,0.1355,242,0.1074,232(่):0.096 | 205(อ):0.056 | 242(๒):0.039,0
PrintAksorn_dataset/test/thanthakhat_Kanit-BoldItalic.png,248,๘,309,0.0682,236,์,0,232,0.1943,235,0.1583,248,0.1969,248(๘):0.068 | 232(่):0.067 | 235(๋):0.057,0
PrintAksorn_dataset/test/thanthakhat_Kanit-ExtraBold.png,232,่,218,0.1536,236,์,0,232,0.4522,205,0.1346,163,0.0828,232(่):0.154 | 163(ฃ):0.067 | 205(อ):0.054,0
PrintAksorn_dataset/test/thanthakhat_Kanit-ExtraLight.png,235,๋,,0.1714,236,์,0,213,0.2939,235,0.496,248,0.1538,235(๋):0.171 | 213(ี):0.108 | 248(๘):0.055,0
PrintAksorn_dataset/test/thanthakhat_Kanit-Italic.png,248,๘,309,0.1023,236,์,0,213,0.2695,235,0.1317,248,0.2968,248(๘):0.102 | 213(ี):0.099 | 236(์):0.052,0
PrintAksorn_dataset/test/thanthakhat_Kanit-MediumItalic.png,248,๘,309,0.1172,236,์,0,213,0.2117,184,0.1482,248,0.3403,248(๘):0.117 | 213(ี):0.083 | 184(ธ):0.062,0
PrintAksorn_dataset/test/thanthakhat_Kanit-Regular.png,235,๋,,0.0848,236,์,0,213,0.1993,235,0.2424,248,0.1904,235(๋):0.085 | 213(ี):0.075 | 248(๘):0.065,0
PrintAksorn_dataset/test/thanthakhat_Kanit-Thin.png,235,๋,,0.193,236,์,0,213,0.2585,235,0.5539,248,0.1683,235(๋):0.193 | 213(ี):0.094 | 248(๘):0.060,0
PrintAksorn_dataset/test/thanthakhat_Kinnari-BoldItalic.png,236,์,221,0.8819,236,์,1,236,0.9054,236,0.9472,236,0.793,236(์):0.882 | 248(๘):0.006 | 249(๙):0.005,1
PrintAksorn_dataset/test/thanthakhat_Kinnari.png,236,์,221,0.8947,236,์,1,236,0.9159,236,0.9702,236,0.798,236(์):0.895 | 248(๘):0.008 | 195(ร):0.007,1
PrintAksorn_dataset/test/to_tao_Athiti-Bold.png,243,๓,304,0.2024,181,ต,0,182,0.1152,181,0.2672,243,0.539,243(๓):0.202 | 181(ต):0.095 | 165(ฅ):0.084,0
PrintAksorn_dataset/test/to_tao_Athiti-ExtraLight.png,243,๓,304,0.2687,181,ต,0,194,0.1386,165,0.4828,243,0.7778,243(๓):0.269 | 165(ฅ):0.178 | 181(ต):0.106,0
PrintAksorn_dataset/test/to_tao_Athiti-Medium.png,243,๓,304,0.2646,181,ต,0,182,0.2489,181,0.5742,243,0.752,243(๓):0.265 | 181(ต):0.195 | 182(ถ):0.090,0
PrintAksorn_dataset/test/to_tao_Ayuthaya.png,181,ต,117,0.6934,181,ต,1,181,0.9198,181,0.5206,181,0.6399,181(ต):0.693 | 165(ฅ):0.112 | 180(ด):0.052,1
PrintAksorn_dataset/test/to_tao_CmPrasanmit-Bold-Italic.png,181,ต,117,0.81,181,ต,1,181,0.9027,181,0.8271,181,0.7002,181(ต):0.810 | 165(ฅ):0.037 | 180(ด):0.035,1
PrintAksorn_dataset/test/to_tao_CmPrasanmit-Regular.png,181,ต,117,0.8266,181,ต,1,181,0.9,181,0.8752,181,0.7047,181(ต):0.827 | 180(ด):0.056 | 165(ฅ):0.011,1
PrintAksorn_dataset/test/to_tao_Itim-Regular.png,181,ต,117,0.5506,181,ต,1,181,0.7056,181,0.8706,243,0.7734,181(ต):0.551 | 243(๓):0.271 | 183(ท):0.007,0
PrintAksorn_dataset/test/wo_waen_Aksaramatee-Regular.png,199,ว,134,0.8623,199,ว,1,199,0.8693,199,0.8386,199,0.8792,199(ว):0.862 | 205(อ):0.009 | 187(ป):0.004,1
PrintAksorn_dataset/test/wo_waen_Athiti-Medium.png,199,ว,134,0.4358,199,ว,1,199,0.395,199,0.5324,199,0.3801,199(ว):0.436 | 167(ง):0.116 | 246(๖):0.029,1
PrintAksorn_dataset/test/wo_waen_Athiti-Regular.png,199,ว,134,0.2859,199,ว,1,199,0.2417,167,0.5522,199,0.3562,199(ว):0.286 | 167(ง):0.194 | 246(๖):0.036,0
PrintAksorn_dataset/test/wo_waen_ChulaNarak-Bold-Italic.png,199,ว,134,0.9146,199,ว,1,199,0.8793,199,0.9472,199,0.9171,199(ว):0.915 | 224(เ):0.002 | 195(ร):0.002,1
PrintAksorn_dataset/test/wo_waen_ChulaNarak-Bold.png,199,ว,134,0.9005,199,ว,1,199,0.8988,199,0.9386,199,0.864,199(ว):0.900 | 210(า):0.003 | 195(ร):0.002,1
PrintAksorn_dataset/test/wo_waen_Garuda.png,199,ว,134,0.9004,199,ว,1,199,0.9035,199,0.9143,199,0.8835,199(ว):0.900 | 195(ร):0.003 | 246(๖):0.002,1
PrintAksorn_dataset/test/yo_yak_Aksaramatee-Regular.png,194,ย,130,0.7752,194,ย,1,194,0.8335,194,0.8271,194,0.6649,194(ย):0.775 | 162(ข):0.016 | 205(อ):0.006,1
PrintAksorn_dataset/test/yo_yak_Athiti-Light.png,194,ย,130,0.8264,194,ย,1,194,0.7909,194,0.9022,194,0.7861,194(ย):0.826 | 167(ง):0.007 | 205(อ):0.005,1
PrintAksorn_dataset/test/yo_yak_Athiti-Regular.png,194,ย,130,0.836,194,ย,1,194,0.8251,194,0.9126,194,0.7703,194(ย):0.836 | 167(ง):0.007 | 205(อ):0.005,1
PrintAksorn_dataset/test/yo_yak_ChulaNarak-Bold-Italic.png,194,ย,130,0.868,194,ย,1,194,0.8859,194,0.8824,194,0.8357,194(ย):0.868 | 162(ข):0.006 | 207(ฯ):0.006,1
PrintAksorn_dataset/test/yo_yak_ChulaNarak-Bold.png,194,ย,130,0.8819,194,ย,1,194,0.882,194,0.8861,194,0.8777,194(ย):0.882 | 162(ข):0.007 | 188(ผ):0.003,1
PrintAksorn_dataset/test/yo_yak_CmPrasanmit-Italic.png,194,ย,130,0.8787,194,ย,1,194,0.903,194,0.8471,194,0.886,194(ย):0.879 | 207(ฯ):0.004 | 242(๒):0.004,1
PrintAksorn_dataset/test/yo_yak_FonLeb-Bold.png,194,ย,130,0.8254,194,ย,1,194,0.8693,194,0.8371,194,0.7697,194(ย):0.825 | 186(บ):0.015 | 188(ผ):0.009,1
PrintAksorn_dataset/test/yo_yak_Himmaparnt-Bold.png,194,ย,130,0.862,194,ย,1,194,0.8949,194,0.8914,194,0.7997,194(ย):0.862 | 162(ข):0.005 | 207(ฯ):0.004,1
PrintAksorn_dataset/test/yo_yak_JS-Pitsanu.png,194,ย,130,0.9114,194,ย,1,194,0.9272,194,0.8756,194,0.9314,194(ย):0.911 | 188(ผ):0.014 | 162(ข):0.004,1
PrintAksorn_dataset/test/yo_yak_JS-Puriphop-Normal.png,194,ย,130,0.9077,194,ย,1,194,0.8901,194,0.9552,194,0.8777,194(ย):0.908 | 186(บ):0.003 | 205(อ):0.003,1
PrintAksorn_dataset/test/yo_yak_Maitree-Bold.png,194,ย,130,0.7901,194,ย,1,194,0.8938,194,0.8772,194,0.5993,194(ย):0.790 | 193(ม):0.015 | 188(ผ):0.012,1
PrintAksorn_dataset/test/yo_yak_Prompt-Black.png,194,ย,130,0.3067,194,ย,1,194,0.883,205,0.6286,173,0.1032,194(ย):0.307 | 205(อ):0.220 | 173(ญ):0.037,0
PrintAksorn_dataset/test/yo_yak_TlwgTypo.png,194,ย,130,0.9191,194,ย,1,194,0.8916,194,0.9731,194,0.8926,194(ย):0.919 | 186(บ):0.003 | 187(ป):0.003,1
PrintAksorn_dataset/test/yo_yak_Trirong-ExtraLight.png,194,ย,130,0.8802,194,ย,1,194,0.8843,194,0.9056,194,0.8507,194(ย):0.880 | 162(ข):0.008 | 188(ผ):0.003,1
PrintAksorn_dataset/test/yo_yak_Trirong-Regular.png,194,ย,130,0.9037,194,ย,1,194,0.8959,194,0.9165,194,0.8986,194(ย):0.904 | 162(ข):0.003 | 188(ผ):0.003,1
PrintAksorn_dataset/test/yo_yak_Waree-Bold.png,194,ย,130,0.8355,194,ย,1,194,0.8813,194,0.8392,194,0.7861,194(ย):0.836 | 162(ข):0.014 | 193(ม):0.013,1
PrintAksorn_dataset/test/yo_ying_FonLeb-Bold-Italic.png,173,ญ,110,0.9181,173,ญ,1,173,0.9305,173,0.9488,173,0.8751,173(ญ):0.918 | 179(ณ):0.003 | 247(๗):0.002,1
PrintAksorn_dataset/test/yo_ying_Kanit-Thin.png,173,ญ,110,0.8243,173,ญ,1,173,0.8788,173,0.817,173,0.7771,173(ญ):0.824 | 201(ษ):0.015 | 248(๘):0.007,1
PrintAksorn_dataset/test/yo_ying_Kinnari-BoldItalic.png,173,ญ,110,0.759,173,ญ,1,173,0.5284,173,0.9288,173,0.8197,173(ญ):0.759 | 175(ฏ):0.035 | 179(ณ):0.019,1
PrintAksorn_dataset/test/yo_ying_Krungthep.png,173,ญ,110,0.7783,173,ญ,1,173,0.629,173,0.8949,173,0.8111,173(ญ):0.778 | 179(ณ):0.025 | 217(ู):0.013,1
PrintAksorn_dataset/test/yo_ying_Laksaman.png,173,ญ,110,0.8505,173,ญ,1,173,0.6832,173,0.9412,173,0.927,173(ญ):0.850 | 179(ณ):0.018 | 175(ฏ):0.010,1
PrintAksorn_dataset/test/yo_ying_Loma-BoldOblique.png,173,ญ,110,0.7915,173,ญ,1,173,0.6163,173,0.9604,173,0.7977,173(ญ):0.791 | 179(ณ):0.018 | 175(ฏ):0.012,1
PrintAksorn_dataset/test/yo_ying_Maitree-ExtraLight.png,173,ญ,110,0.9091,173,ญ,1,173,0.904,173,0.9549,173,0.8685,173(ญ):0.909 | 179(ณ):0.005 | 175(ฏ):0.004,1
PrintAksorn_dataset/test/yo_ying_Maitree-Regular.png,173,ญ,110,0.9001,173,ญ,1,173,0.8754,173,0.9439,173,0.8811,173(ญ):0.900 | 175(ฏ):0.005 | 179(ณ):0.004,1
PrintAksorn_dataset/test/yo_ying_Mitr-Medium.png,173,ญ,110,0.6515,173,ญ,1,173,0.5653,173,0.7077,173,0.6814,173(ญ):0.651 | 247(๗):0.026 | 172(ฌ):0.025,1
PrintAksorn_dataset/test/yo_ying_NotoSansThai-CondensedMedium.png,173,ญ,110,0.7777,173,ญ,1,173,0.4323,173,0.9582,173,0.9426,173(ญ):0.778 | 193(ม):0.022 | 162(ข):0.018,1
PrintAksorn_dataset/test/yo_ying_NotoSansThai-ExtraCondensedThin.png,173,ญ,110,0.7963,173,ญ,1,173,0.5533,173,0.9485,173,0.8872,173(ญ):0.796 | 162(ข):0.015 | 193(ม):0.011,1
PrintAksorn_dataset/test/yo_ying_NotoSansThai-Regular.png,173,ญ,110,0.8063,173,ญ,1,173,0.5828,173,0.9666,173,0.8694,173(ญ):0.806 | 182(ถ):0.007 | 193(ม):0.006,1
PrintAksorn_dataset/test/yo_ying_SR-FahMai-Bold.png,173,ญ,110,0.8867,173,ญ,1,173,0.8314,173,0.9216,173,0.9072,173(ญ):0.887 | 179(ณ):0.011 | 193(ม):0.003,1
PrintAksorn_dataset/test/yo_ying_Sarabun-Medium.png,173,ญ,110,0.8999,173,ญ,1,173,0.833,173,0.9389,173,0.928,173(ญ):0.900 | 179(ณ):0.010 | 175(ฏ):0.006,1
PrintAksorn_dataset/test/yo_ying_Sarabun-Thin.png,173,ญ,110,0.8163,173,ญ,1,173,0.6232,173,0.9317,173,0.894,173(ญ):0.816 | 179(ณ):0.018 | 175(ฏ):0.009,1
PrintAksorn_dataset/test/yo_ying_Sawasdee-BoldOblique.png,173,ญ,110,0.7167,173,ญ,1,173,0.5885,173,0.9286,173,0.6329,173(ญ):0.717 | 199(ว):0.011 | 179(ณ):0.009,1
PrintAksorn_dataset/test/yo_ying_Trirong-ExtraBoldItalic.png,173,ญ,110,0.8916,173,ญ,1,173,0.8611,173,0.965,173,0.8487,173(ญ):0.892 | 179(ณ):0.009 | 175(ฏ):0.008,1
PrintAksorn_dataset/test/yo_ying_Trirong-Regular.png,173,ญ,110,0.9006,173,ญ,1,173,0.8316,173,0.9519,173,0.9181,173(ญ):0.901 | 179(ณ):0.008 | 175(ฏ):0.005,1
PrintAksorn_dataset/test/yo_ying_Trirong-ThinItalic.png,173,ญ,110,0.8518,173,ญ,1,173,0.7851,173,0.9527,173,0.8174,173(ญ):0.852 | 179(ณ):0.016 | 175(ฏ):0.008,1
